Workbook

Sheet vs 2019
A2: Negative Count | B2: =COUNTIF(B4:B252,"<0") -> 128 | C2: =COUNTIF(C4:C252,"<0") -> 68 | D2: =COUNTIF(D4:D252,"<0") -> 157 | E2: =COUNTIF(E4:E252,"<0") -> 123 | F2: =COUNTIF(F4:F252,"<0") -> 1 | G2: =COUNTIF(G4:G252,"<0") -> 1 | H2: =COUNTIF(H4:H252,"<0") -> 1 | I2: =COUNTIF(I4:I252,"<0") -> 1 | ... M2: =COUNTIF(M4:M252,"<0") -> 52
A3: Store ID | B3: _Vol Delta 1/2019 | C3: _Vol Delta 2/2019 | D3: _Vol Delta 3/2019 | E3: _Vol Delta 1Q2019 | F3: _P Delta 1/2019 | G3: _P Delta 2/2019 | H3: _P Delta 3/2019 | I3: _P Delta 1Q2019 | J3: Delta vs 1/2019 | K3: Delta vs 2/2019 | L3: Delta vs 3/2019 | M3: Delta vs 1Q2019
A4: AZ102 | B4: -5798.9736 | C4: -3212.0171 | D4: -9574.4781 | E4: -18585.469 | F4: 4745.4336 | G4: 5171.3871 | H4: 7126.7881 | I4: 17043.609 | J4: =SUM(B4,F4) -> -1053.54 | K4: =SUM(C4,G4) -> 1959.37 | L4: =SUM(D4,H4) -> -2447.69 | M4: =SUM(J4:L4) -> -1541.86
A5: AZ103 | B5: -2568.8395 | C5: 297.17 | D5: -18786.498 | E5: -21058.168 | F5: 10233.98 | G5: 10599.03 | H5: 13077.568 | I5: 33910.578 | J5: =SUM(B5,F5) -> 7665.14 | K5: =SUM(C5,G5) -> 10896.2 | L5: =SUM(D5,H5) -> -5708.93 | M5: =SUM(J5:L5) -> 12852.41
A6: AZ104 | B6: -5591.2227 | C6: 1158.2124 | D6: -8805.2029 | E6: -13238.213 | F6: 5068.5427 | G6: 5830.7476 | H6: 7333.3029 | I6: 18232.593 | J6: =SUM(B6,F6) -> -522.68 | K6: =SUM(C6,G6) -> 6988.96 | L6: =SUM(D6,H6) -> -1471.9 | M6: =SUM(J6:L6) -> 4994.38
A7: AZ105 | B7: -4925.26 | C7: -3029.09 | D7: -6633.61 | E7: -14587.96 | F7: 0 | G7: 0 | H7: 0 | I7: 0 | J7: =SUM(B7,F7) -> -4925.26 | K7: =SUM(C7,G7) -> -3029.09 | L7: =SUM(D7,H7) -> -6633.61 | M7: =SUM(J7:L7) -> -14587.96
A8: CA101 | B8: 0 | C8: 0 | D8: 0 | E8: 0 | F8: 0 | G8: 0 | H8: 0 | I8: 0 | J8: =SUM(B8,F8) -> 0 | K8: =SUM(C8,G8) -> 0 | L8: =SUM(D8,H8) -> 0 | M8: =SUM(J8:L8) -> 0
A9: CA102 | B9: 0 | C9: 0 | D9: 0 | E9: 0 | F9: 0 | G9: 0 | H9: 0 | I9: 0 | J9: =SUM(B9,F9) -> 0 | K9: =SUM(C9,G9) -> 0 | L9: =SUM(D9,H9) -> 0 | M9: =SUM(J9:L9) -> 0
A10: CA103 | B10: 13108.082 | C10: 30.255273 | D10: -19188.031 | E10: -6049.694 | F10: 4477.9782 | G10: 5096.6647 | H10: 5682.0611 | I10: 15256.704 | J10: =SUM(B10,F10) -> 17586.06 | K10: =SUM(C10,G10) -> 5126.92 | L10: =SUM(D10,H10) -> -13505.97 | M10: =SUM(J10:L10) -> 9207.01
A11: CA105 | B11: 0 | C11: 0 | D11: 0 | E11: 0 | F11: 0 | G11: 0 | H11: 0 | I11: 0 | J11: =SUM(B11,F11) -> 0 | K11: =SUM(C11,G11) -> 0 | L11: =SUM(D11,H11) -> 0 | M11: =SUM(J11:L11) -> 0
A12: CA106 | B12: -2089.63 | C12: 7350.0169 | D12: -18393.084 | E12: -13132.697 | F12: 15447.16 | G12: 16612.403 | H12: 18269.954 | I12: 50329.517 | J12: =SUM(B12,F12) -> 13357.53 | K12: =SUM(C12,G12) -> 23962.42 | L12: =SUM(D12,H12) -> -123.13 | M12: =SUM(J12:L12) -> 37196.82
A13: CA108 | B13: -5009.9584 | C13: 352.81772 | D13: -12399.471 | E13: -17056.612 | F13: 15293.678 | G13: 15967.082 | H13: 18059.271 | I13: 49320.032 | J13: =SUM(B13,F13) -> 10283.72 | K13: =SUM(C13,G13) -> 16319.9 | L13: =SUM(D13,H13) -> 5659.8 | M13: =SUM(J13:L13) -> 32263.42
A14: CA109 | B14: -7907.3058 | C14: -2534.6807 | D14: -9082.7693 | E14: -19524.756 | F14: 11257.186 | G14: 11653.961 | H14: 13595.119 | I14: 36506.266 | J14: =SUM(B14,F14) -> 3349.88 | K14: =SUM(C14,G14) -> 9119.28 | L14: =SUM(D14,H14) -> 4512.35 | M14: =SUM(J14:L14) -> 16981.51
A15: CA110 | B15: 11838.97 | C15: 16016.531 | D15: 2833.718 | E15: 30689.219 | F15: 12314.47 | G15: 12143.449 | H15: 16774.272 | I15: 41232.191 | J15: =SUM(B15,F15) -> 24153.44 | K15: =SUM(C15,G15) -> 28159.98 | L15: =SUM(D15,H15) -> 19607.99 | M15: =SUM(J15:L15) -> 71921.41
... A253: Grand Total | B253: -372590.24 | C253: 1070715.2 | D253: -1656326.1 | E253: -958201.14 | F253: 1465773.2 | G253: 1770440.1 | H253: 2234486.5 | I253: 5470699.8 | J253: =SUM(B253,F253) -> 1093183 | K253: =SUM(C253,G253) -> 2841155.3 | L253: =SUM(D253,H253) -> 578160.39 | M253: =SUM(J253:L253) -> 4512498.7

Sheet vs 2021
A2: Negative Count | B2: =COUNTIF(B4:B252,"<0") -> 17 | C2: =COUNTIF(C4:C252,"<0") -> 12 | D2: =COUNTIF(D4:D252,"<0") -> 17 | E2: =COUNTIF(E4:E252,"<0") -> 10 | F2: =COUNTIF(F4:F252,"<0") -> 0 | G2: =COUNTIF(G4:G252,"<0") -> 0 | H2: =COUNTIF(H4:H252,"<0") -> 0 | I2: =COUNTIF(I4:I252,"<0") -> 0 | ... M2: =COUNTIF(M4:M252,"<0") -> 2
A3: Store ID | B3: _Vol Delta 1/2021 | C3: _Vol Delta 2/2021 | D3: _Vol Delta 3/2021 | E3: _Vol Delta 1Q2021 | F3: _P Delta 1/2021 | G3: _P Delta 2/2021 | H3: _P Delta 3/2021 | I3: _P Delta 1Q2021 | J3: Delta vs 1/2021 | K3: Delta vs 2/2021 | L3: Delta vs 3/2021 | M3: Delta vs 1Q2021
A4: AZ102 | B4: 8340.2308 | C4: 7680.7317 | D4: 7667.8905 | E4: 23688.853 | F4: 1294.2092 | G4: 1410.3783 | H4: 1943.6695 | I4: 4648.2569 | J4: =SUM(B4,F4) -> 9634.44 | K4: =SUM(C4,G4) -> 9091.11 | L4: =SUM(D4,H4) -> 9611.56 | M4: =SUM(J4:L4) -> 28337.11
A5: AZ103 | B5: 12613.876 | C5: 12881.3 | D5: 13021.063 | E5: 38516.239 | F5: 5510.6044 | G5: 3261.24 | H5: 4023.8671 | I5: 12795.711 | J5: =SUM(B5,F5) -> 18124.48 | K5: =SUM(C5,G5) -> 16142.54 | L5: =SUM(D5,H5) -> 17044.93 | M5: =SUM(J5:L5) -> 51311.95
A6: AZ104 | B6: 3565.3902 | C6: 4730.3061 | D6: 4228.0083 | E6: 12523.705 | F6: 1382.3298 | G6: 1590.2039 | H6: 1999.9917 | I6: 4972.5254 | J6: =SUM(B6,F6) -> 4947.72 | K6: =SUM(C6,G6) -> 6320.51 | L6: =SUM(D6,H6) -> 6228 | M6: =SUM(J6:L6) -> 17496.23
A7: AZ105 | B7: 3496.37 | C7: 4645.92 | D7: 4630.55 | E7: 12772.84 | F7: 0 | G7: 0 | H7: 0 | I7: 0 | J7: =SUM(B7,F7) -> 3496.37 | K7: =SUM(C7,G7) -> 4645.92 | L7: =SUM(D7,H7) -> 4630.55 | M7: =SUM(J7:L7) -> 12772.84
A8: CA101 | B8: 0 | C8: 0 | D8: 0 | E8: 0 | F8: 0 | G8: 0 | H8: 0 | I8: 0 | J8: =SUM(B8,F8) -> 0 | K8: =SUM(C8,G8) -> 0 | L8: =SUM(D8,H8) -> 0 | M8: =SUM(J8:L8) -> 0
A9: CA102 | B9: 0 | C9: 0 | D9: 0 | E9: 0 | F9: 0 | G9: 0 | H9: 0 | I9: 0 | J9: =SUM(B9,F9) -> 0 | K9: =SUM(C9,G9) -> 0 | L9: =SUM(D9,H9) -> 0 | M9: =SUM(J9:L9) -> 0
A10: CA103 | B10: 10596.303 | C10: 14554.517 | D10: 14800.302 | E10: 39951.122 | F10: 559.74727 | G10: 637.08309 | H10: 710.25764 | I10: 1907.088 | J10: =SUM(B10,F10) -> 11156.05 | K10: =SUM(C10,G10) -> 15191.6 | L10: =SUM(D10,H10) -> 15510.56 | M10: =SUM(J10:L10) -> 41858.21
A11: CA105 | B11: 0 | C11: 0 | D11: 0 | E11: 0 | F11: 0 | G11: 0 | H11: 0 | I11: 0 | J11: =SUM(B11,F11) -> 0 | K11: =SUM(C11,G11) -> 0 | L11: =SUM(D11,H11) -> 0 | M11: =SUM(J11:L11) -> 0
A12: CA106 | B12: 15624.916 | C12: 15631.278 | D12: 7390.73 | E12: 38646.924 | F12: 10040.654 | G12: 10798.062 | H12: 11875.47 | I12: 32714.186 | J12: =SUM(B12,F12) -> 25665.57 | K12: =SUM(C12,G12) -> 26429.34 | L12: =SUM(D12,H12) -> 19266.2 | M12: =SUM(J12:L12) -> 71361.11
A13: CA108 | B13: 15375.065 | C13: 13699.882 | D13: 12576.443 | E13: 41651.39 | F13: 7930.0554 | G13: 8279.2278 | H13: 9364.0666 | I13: 25573.35 | J13: =SUM(B13,F13) -> 23305.12 | K13: =SUM(C13,G13) -> 21979.11 | L13: =SUM(D13,H13) -> 21940.51 | M13: =SUM(J13:L13) -> 67224.74
A14: CA109 | B14: 51595.435 | C14: 53413.986 | D14: 62310.964 | E14: 167320.38 | F14: 3752.3953 | G14: 3884.6536 | H14: 4531.7064 | I14: 12168.755 | J14: =SUM(B14,F14) -> 55347.83 | K14: =SUM(C14,G14) -> 57298.64 | L14: =SUM(D14,H14) -> 66842.67 | M14: =SUM(J14:L14) -> 179489.14
A15: CA110 | B15: 15335.848 | C15: 14630.881 | D15: 12590.712 | E15: 42557.442 | F15: 5683.6016 | G15: 5604.6687 | H15: 9435.528 | I15: 20723.798 | J15: =SUM(B15,F15) -> 21019.45 | K15: =SUM(C15,G15) -> 20235.55 | L15: =SUM(D15,H15) -> 22026.24 | M15: =SUM(J15:L15) -> 63281.24
... A253: Grand Total | B253: 2214856.2 | C253: 2384435.1 | D253: 2177160 | E253: 6776451.4 | F253: 698331.74 | G253: 927327.26 | H253: 1239399.2 | I253: 2865058.2 | J253: =SUM(B253,F253) -> 2913187.9 | K253: =SUM(C253,G253) -> 3311762.4 | L253: =SUM(D253,H253) -> 3416559.2 | M253: =SUM(J253:L253) -> 9641509.6

Sheet Summary
F1: 2 | G1: 3 | H1: 4 | J1: 5 | K1: 6 | L1: 2 | M1: 3 | N1: 4 | P1: 5 | Q1: 6 | V1: 1 | W1: 2 | X1: 3 | Y1: 4 | Z1: 5 | AA1: 6
A2: 2025 | B2: December | W2: PTD | X2: PTD | Y2: PTD | Z2: Volume | AA2: Price
K3: UNIT: $ | W3: 2022 | X3: 2023 | Y3: 2024 | Z3: vs 2023
A4: PTD | B4: SSS | F4: MTD Sales | I4: vs 2024 | L4: YTD Sales | O4: vs 2024 | S4: PTD | T4: YTD | V4: January | W4: 2 | X4: 15 | Y4: 28 | Z4: 93 | AA4: 106
A5: StoreID | B5: 2023 | C5: 2024 | D5: 2025 | F5: 2023 | G5: 2024 | H5: 2025 | I5: Variance | J5: Volume | K5: Price | L5: 2023 | M5: 2024 | N5: 2025 | O5: Variance | P5: Volume | Q5: Price | S5: TEST | T5: TEST | V5: February | W5: 3 | X5: 16 | Y5: 29 | Z5: 94 | AA5: 107
A6: AZ102 | B6: =IF(F6>0,"O","X") -> X | C6: =IF(G6>0,"O","X") -> X | D6: =IF(H6>0,"O","X") -> X | E6: CLOSED | F6: =VLOOKUP($A:$A,Data_sheet_PTD!$M:$DZ,VLOOKUP($B$2,Summary!$V$4:$AA$15,F$1,0),0) -> 0 | G6: =VLOOKUP($A:$A,Data_sheet_PTD!$M:$DZ,VLOOKUP($B$2,Summary!$V$4:$AA$15,G$1,0),0) -> 0 | H6: =VLOOKUP($A:$A,Data_sheet_PTD!$M:$DZ,VLOOKUP($B$2,Summary!$V$4:$AA$15,H$1,0),0) -> 0 | I6: =H6-G6 -> 0 | J6: =VLOOKUP($A:$A,Data_sheet_PTD!$M:$DZ,VLOOKUP($B$2,Summary!$V$4:$AA$15,J$1,0),0) -> 0 | K6: =VLOOKUP($A:$A,Data_sheet_PTD!$M:$DZ,VLOOKUP($B$2,Summary!$V$4:$AA$15,K$1,0),0) -> 0 | L6: =VLOOKUP($A:$A,Data_sheet_YTD!$M:$DZ,VLOOKUP($B$2,Summary!$V$4:$AA$15,L$1,0),0) -> 0 | M6: =VLOOKUP($A:$A,Data_sheet_YTD!$M:$DZ,VLOOKUP($B$2,Summary!$V$4:$AA$15,M$1,0),0) -> 0 | N6: =VLOOKUP($A:$A,Data_sheet_YTD!$M:$DZ,VLOOKUP($B$2,Summary!$V$4:$AA$15,N$1,0),0) -> 0 | O6: =N6-M6 -> 0 | P6: =VLOOKUP($A:$A,Data_sheet_YTD!$M:$DZ,VLOOKUP($B$2,Summary!$V$4:$AA$15,P$1,0),0) -> 0 | Q6: =VLOOKUP($A:$A,Data_sheet_YTD!$M:$DZ,VLOOKUP($B$2,Summary!$V$4:$AA$15,Q$1,0),0) -> 0 | R6: 0 | S6: =I6-J6-K6 -> 0 | T6: =O6-P6-Q6 -> 0 | V6: March | W6: 4 | X6: 17 | Y6: 30 | Z6: 95 | AA6: 108
A7: AZ103 | B7: =IF(F7>0,"O","X") -> O | C7: =IF(G7>0,"O","X") -> O | D7: =IF(H7>0,"O","X") -> O | E7: OPEN | F7: =VLOOKUP($A:$A,Data_sheet_PTD!$M:$DZ,VLOOKUP($B$2,Summary!$V$4:$AA$15,F$1,0),0) -> 40125.18 | G7: =VLOOKUP($A:$A,Data_sheet_PTD!$M:$DZ,VLOOKUP($B$2,Summary!$V$4:$AA$15,G$1,0),0) -> 53617.92 | H7: =VLOOKUP($A:$A,Data_sheet_PTD!$M:$DZ,VLOOKUP($B$2,Summary!$V$4:$AA$15,H$1,0),0) -> 58017.83 | I7: =H7-G7 -> 4399.91 | J7: =VLOOKUP($A:$A,Data_sheet_PTD!$M:$DZ,VLOOKUP($B$2,Summary!$V$4:$AA$15,J$1,0),0) -> 4399.91 | K7: =VLOOKUP($A:$A,Data_sheet_PTD!$M:$DZ,VLOOKUP($B$2,Summary!$V$4:$AA$15,K$1,0),0) -> 0 | L7: =VLOOKUP($A:$A,Data_sheet_YTD!$M:$DZ,VLOOKUP($B$2,Summary!$V$4:$AA$15,L$1,0),0) -> 845698.64 | M7: =VLOOKUP($A:$A,Data_sheet_YTD!$M:$DZ,VLOOKUP($B$2,Summary!$V$4:$AA$15,M$1,0),0) -> 1003308.2 | N7: =VLOOKUP($A:$A,Data_sheet_YTD!$M:$DZ,VLOOKUP($B$2,Summary!$V$4:$AA$15,N$1,0),0) -> 1051113.7 | O7: =N7-M7 -> 47805.47 | P7: =VLOOKUP($A:$A,Data_sheet_YTD!$M:$DZ,VLOOKUP($B$2,Summary!$V$4:$AA$15,P$1,0),0) -> 31628.44 | Q7: =VLOOKUP($A:$A,Data_sheet_YTD!$M:$DZ,VLOOKUP($B$2,Summary!$V$4:$AA$15,Q$1,0),0) -> 16177.03 | R7: 16492.37 | S7: =R7-I7 -> 12092.46 | T7: =O7-P7-Q7 -> 1.0186341e-10 | V7: April | W7: 5 | X7: 18 | Y7: 31 | Z7: 96 | AA7: 109
A8: AZ104 | B8: =IF(F8>0,"O","X") -> O | C8: =IF(G8>0,"O","X") -> O | D8: =IF(H8>0,"O","X") -> O | E8: OPEN | F8: =VLOOKUP($A:$A,Data_sheet_PTD!$M:$DZ,VLOOKUP($B$2,Summary!$V$4:$AA$15,F$1,0),0) -> 26942.3 | G8: =VLOOKUP($A:$A,Data_sheet_PTD!$M:$DZ,VLOOKUP($B$2,Summary!$V$4:$AA$15,G$1,0),0) -> 36051.48 | H8: =VLOOKUP($A:$A,Data_sheet_PTD!$M:$DZ,VLOOKUP($B$2,Summary!$V$4:$AA$15,H$1,0),0) -> 33637.09 | I8: =H8-G8 -> -2414.39 | J8: =VLOOKUP($A:$A,Data_sheet_PTD!$M:$DZ,VLOOKUP($B$2,Summary!$V$4:$AA$15,J$1,0),0) -> -2414.39 | K8: =VLOOKUP($A:$A,Data_sheet_PTD!$M:$DZ,VLOOKUP($B$2,Summary!$V$4:$AA$15,K$1,0),0) -> 0 | L8: =VLOOKUP($A:$A,Data_sheet_YTD!$M:$DZ,VLOOKUP($B$2,Summary!$V$4:$AA$15,L$1,0),0) -> 442649.07 | M8: =VLOOKUP($A:$A,Data_sheet_YTD!$M:$DZ,VLOOKUP($B$2,Summary!$V$4:$AA$15,M$1,0),0) -> 532448.6 | N8: =VLOOKUP($A:$A,Data_sheet_YTD!$M:$DZ,VLOOKUP($B$2,Summary!$V$4:$AA$15,N$1,0),0) -> 538712.66 | O8: =N8-M8 -> 6264.06 | P8: =VLOOKUP($A:$A,Data_sheet_YTD!$M:$DZ,VLOOKUP($B$2,Summary!$V$4:$AA$15,P$1,0),0) -> -2195.8841 | Q8: =VLOOKUP($A:$A,Data_sheet_YTD!$M:$DZ,VLOOKUP($B$2,Summary!$V$4:$AA$15,Q$1,0),0) -> 8459.9441 | R8: 5373.19 | S8: =R8-I8 -> 7787.58 | T8: =O8-P8-Q8 -> 7.4578566e-11 | V8: May | W8: 6 | X8: 19 | Y8: 32 | Z8: 97 | AA8: 110
A9: AZ105 | B9: =IF(F9>0,"O","X") -> O | C9: =IF(G9>0,"O","X") -> O | D9: =IF(H9>0,"O","X") -> O | E9: OPEN | F9: =VLOOKUP($A:$A,Data_sheet_PTD!$M:$DZ,VLOOKUP($B$2,Summary!$V$4:$AA$15,F$1,0),0) -> 28321.69 | G9: =VLOOKUP($A:$A,Data_sheet_PTD!$M:$DZ,VLOOKUP($B$2,Summary!$V$4:$AA$15,G$1,0),0) -> 32140.71 | H9: =VLOOKUP($A:$A,Data_sheet_PTD!$M:$DZ,VLOOKUP($B$2,Summary!$V$4:$AA$15,H$1,0),0) -> 34502.49 | I9: =H9-G9 -> 2361.78 | J9: =VLOOKUP($A:$A,Data_sheet_PTD!$M:$DZ,VLOOKUP($B$2,Summary!$V$4:$AA$15,J$1,0),0) -> 2361.78 | K9: =VLOOKUP($A:$A,Data_sheet_PTD!$M:$DZ,VLOOKUP($B$2,Summary!$V$4:$AA$15,K$1,0),0) -> 0 | L9: =VLOOKUP($A:$A,Data_sheet_YTD!$M:$DZ,VLOOKUP($B$2,Summary!$V$4:$AA$15,L$1,0),0) -> 492584.47 | M9: =VLOOKUP($A:$A,Data_sheet_YTD!$M:$DZ,VLOOKUP($B$2,Summary!$V$4:$AA$15,M$1,0),0) -> 541112.17 | N9: =VLOOKUP($A:$A,Data_sheet_YTD!$M:$DZ,VLOOKUP($B$2,Summary!$V$4:$AA$15,N$1,0),0) -> 574231.18 | O9: =N9-M9 -> 33119.01 | P9: =VLOOKUP($A:$A,Data_sheet_YTD!$M:$DZ,VLOOKUP($B$2,Summary!$V$4:$AA$15,P$1,0),0) -> 24061.215 | Q9: =VLOOKUP($A:$A,Data_sheet_YTD!$M:$DZ,VLOOKUP($B$2,Summary!$V$4:$AA$15,Q$1,0),0) -> 9057.7948 | R9: 8540.52 | S9: =R9-I9 -> 6178.74 | T9: =O9-P9-Q9 -> -7.6397555e-11 | V9: June | W9: 7 | X9: 20 | Y9: 33 | Z9: 98 | AA9: 111
A10: AZ106 | B10: =IF(F10>0,"O","X") -> X | C10: =IF(G10>0,"O","X") -> X | D10: =IF(H10>0,"O","X") -> X | E10: CLOSED | F10: =VLOOKUP($A:$A,Data_sheet_PTD!$M:$DZ,VLOOKUP($B$2,Summary!$V$4:$AA$15,F$1,0),0) -> 0 | G10: =VLOOKUP($A:$A,Data_sheet_PTD!$M:$DZ,VLOOKUP($B$2,Summary!$V$4:$AA$15,G$1,0),0) -> 0 | H10: =VLOOKUP($A:$A,Data_sheet_PTD!$M:$DZ,VLOOKUP($B$2,Summary!$V$4:$AA$15,H$1,0),0) -> 0 | I10: =H10-G10 -> 0 | J10: =VLOOKUP($A:$A,Data_sheet_PTD!$M:$DZ,VLOOKUP($B$2,Summary!$V$4:$AA$15,J$1,0),0) -> 0 | K10: =VLOOKUP($A:$A,Data_sheet_PTD!$M:$DZ,VLOOKUP($B$2,Summary!$V$4:$AA$15,K$1,0),0) -> 0 | L10: =VLOOKUP($A:$A,Data_sheet_YTD!$M:$DZ,VLOOKUP($B$2,Summary!$V$4:$AA$15,L$1,0),0) -> 0 | M10: =VLOOKUP($A:$A,Data_sheet_YTD!$M:$DZ,VLOOKUP($B$2,Summary!$V$4:$AA$15,M$1,0),0) -> 0 | N10: =VLOOKUP($A:$A,Data_sheet_YTD!$M:$DZ,VLOOKUP($B$2,Summary!$V$4:$AA$15,N$1,0),0) -> 0 | O10: =N10-M10 -> 0 | P10: =VLOOKUP($A:$A,Data_sheet_YTD!$M:$DZ,VLOOKUP($B$2,Summary!$V$4:$AA$15,P$1,0),0) -> 0 | Q10: =VLOOKUP($A:$A,Data_sheet_YTD!$M:$DZ,VLOOKUP($B$2,Summary!$V$4:$AA$15,Q$1,0),0) -> 0 | R10: 0 | S10: =R10-I10 -> 0 | T10: =O10-P10-Q10 -> 0 | V10: July | W10: 8 | X10: 21 | Y10: 34 | Z10: 99 | AA10: 112
A11: CA101 | B11: =IF(F11>0,"O","X") -> X | C11: =IF(G11>0,"O","X") -> X | D11: =IF(H11>0,"O","X") -> X | E11: CLOSED | F11: =VLOOKUP($A:$A,Data_sheet_PTD!$M:$DZ,VLOOKUP($B$2,Summary!$V$4:$AA$15,F$1,0),0) -> 0 | G11: =VLOOKUP($A:$A,Data_sheet_PTD!$M:$DZ,VLOOKUP($B$2,Summary!$V$4:$AA$15,G$1,0),0) -> 0 | H11: =VLOOKUP($A:$A,Data_sheet_PTD!$M:$DZ,VLOOKUP($B$2,Summary!$V$4:$AA$15,H$1,0),0) -> 0 | I11: =H11-G11 -> 0 | J11: =VLOOKUP($A:$A,Data_sheet_PTD!$M:$DZ,VLOOKUP($B$2,Summary!$V$4:$AA$15,J$1,0),0) -> 0 | K11: =VLOOKUP($A:$A,Data_sheet_PTD!$M:$DZ,VLOOKUP($B$2,Summary!$V$4:$AA$15,K$1,0),0) -> 0 | L11: =VLOOKUP($A:$A,Data_sheet_YTD!$M:$DZ,VLOOKUP($B$2,Summary!$V$4:$AA$15,L$1,0),0) -> 0 | M11: =VLOOKUP($A:$A,Data_sheet_YTD!$M:$DZ,VLOOKUP($B$2,Summary!$V$4:$AA$15,M$1,0),0) -> 0 | N11: =VLOOKUP($A:$A,Data_sheet_YTD!$M:$DZ,VLOOKUP($B$2,Summary!$V$4:$AA$15,N$1,0),0) -> 0 | O11: =N11-M11 -> 0 | P11: =VLOOKUP($A:$A,Data_sheet_YTD!$M:$DZ,VLOOKUP($B$2,Summary!$V$4:$AA$15,P$1,0),0) -> 0 | Q11: =VLOOKUP($A:$A,Data_sheet_YTD!$M:$DZ,VLOOKUP($B$2,Summary!$V$4:$AA$15,Q$1,0),0) -> 0 | R11: 0 | S11: =R11-I11 -> 0 | T11: =O11-P11-Q11 -> 0 | V11: August | W11: 9 | X11: 22 | Y11: 35 | Z11: 100 | AA11: 113
A12: CA102 | B12: =IF(F12>0,"O","X") -> X | C12: =IF(G12>0,"O","X") -> X | D12: =IF(H12>0,"O","X") -> X | E12: CLOSED | F12: =VLOOKUP($A:$A,Data_sheet_PTD!$M:$DZ,VLOOKUP($B$2,Summary!$V$4:$AA$15,F$1,0),0) -> 0 | G12: =VLOOKUP($A:$A,Data_sheet_PTD!$M:$DZ,VLOOKUP($B$2,Summary!$V$4:$AA$15,G$1,0),0) -> 0 | H12: =VLOOKUP($A:$A,Data_sheet_PTD!$M:$DZ,VLOOKUP($B$2,Summary!$V$4:$AA$15,H$1,0),0) -> 0 | I12: =H12-G12 -> 0 | J12: =VLOOKUP($A:$A,Data_sheet_PTD!$M:$DZ,VLOOKUP($B$2,Summary!$V$4:$AA$15,J$1,0),0) -> 0 | K12: =VLOOKUP($A:$A,Data_sheet_PTD!$M:$DZ,VLOOKUP($B$2,Summary!$V$4:$AA$15,K$1,0),0) -> 0 | L12: =VLOOKUP($A:$A,Data_sheet_YTD!$M:$DZ,VLOOKUP($B$2,Summary!$V$4:$AA$15,L$1,0),0) -> 0 | M12: =VLOOKUP($A:$A,Data_sheet_YTD!$M:$DZ,VLOOKUP($B$2,Summary!$V$4:$AA$15,M$1,0),0) -> 0 | N12: =VLOOKUP($A:$A,Data_sheet_YTD!$M:$DZ,VLOOKUP($B$2,Summary!$V$4:$AA$15,N$1,0),0) -> 0 | O12: =N12-M12 -> 0 | P12: =VLOOKUP($A:$A,Data_sheet_YTD!$M:$DZ,VLOOKUP($B$2,Summary!$V$4:$AA$15,P$1,0),0) -> 0 | Q12: =VLOOKUP($A:$A,Data_sheet_YTD!$M:$DZ,VLOOKUP($B$2,Summary!$V$4:$AA$15,Q$1,0),0) -> 0 | R12: 0 | S12: =R12-I12 -> 0 | T12: =O12-P12-Q12 -> 0 | V12: September | W12: 10 | X12: 23 | Y12: 36 | Z12: 101 | AA12: 114
A13: CA103 | B13: =IF(F13>0,"O","X") -> X | C13: =IF(G13>0,"O","X") -> X | D13: =IF(H13>0,"O","X") -> X | E13: CLOSED | F13: =VLOOKUP($A:$A,Data_sheet_PTD!$M:$DZ,VLOOKUP($B$2,Summary!$V$4:$AA$15,F$1,0),0) -> 0 | G13: =VLOOKUP($A:$A,Data_sheet_PTD!$M:$DZ,VLOOKUP($B$2,Summary!$V$4:$AA$15,G$1,0),0) -> 0 | H13: =VLOOKUP($A:$A,Data_sheet_PTD!$M:$DZ,VLOOKUP($B$2,Summary!$V$4:$AA$15,H$1,0),0) -> 0 | I13: =H13-G13 -> 0 | J13: =VLOOKUP($A:$A,Data_sheet_PTD!$M:$DZ,VLOOKUP($B$2,Summary!$V$4:$AA$15,J$1,0),0) -> 0 | K13: =VLOOKUP($A:$A,Data_sheet_PTD!$M:$DZ,VLOOKUP($B$2,Summary!$V$4:$AA$15,K$1,0),0) -> 0 | L13: =VLOOKUP($A:$A,Data_sheet_YTD!$M:$DZ,VLOOKUP($B$2,Summary!$V$4:$AA$15,L$1,0),0) -> 26174.3 | M13: =VLOOKUP($A:$A,Data_sheet_YTD!$M:$DZ,VLOOKUP($B$2,Summary!$V$4:$AA$15,M$1,0),0) -> 0 | N13: =VLOOKUP($A:$A,Data_sheet_YTD!$M:$DZ,VLOOKUP($B$2,Summary!$V$4:$AA$15,N$1,0),0) -> 0 | O13: =N13-M13 -> 0 | P13: =VLOOKUP($A:$A,Data_sheet_YTD!$M:$DZ,VLOOKUP($B$2,Summary!$V$4:$AA$15,P$1,0),0) -> 0 | Q13: =VLOOKUP($A:$A,Data_sheet_YTD!$M:$DZ,VLOOKUP($B$2,Summary!$V$4:$AA$15,Q$1,0),0) -> 0 | R13: 0 | S13: =R13-I13 -> 0 | T13: =O13-P13-Q13 -> 0 | V13: October | W13: 11 | X13: 24 | Y13: 37 | Z13: 102 | AA13: 115
A14: CA105 | B14: =IF(F14>0,"O","X") -> X | C14: =IF(G14>0,"O","X") -> X | D14: =IF(H14>0,"O","X") -> X | E14: CLOSED | F14: =VLOOKUP($A:$A,Data_sheet_PTD!$M:$DZ,VLOOKUP($B$2,Summary!$V$4:$AA$15,F$1,0),0) -> 0 | G14: =VLOOKUP($A:$A,Data_sheet_PTD!$M:$DZ,VLOOKUP($B$2,Summary!$V$4:$AA$15,G$1,0),0) -> 0 | H14: =VLOOKUP($A:$A,Data_sheet_PTD!$M:$DZ,VLOOKUP($B$2,Summary!$V$4:$AA$15,H$1,0),0) -> 0 | I14: =H14-G14 -> 0 | J14: =VLOOKUP($A:$A,Data_sheet_PTD!$M:$DZ,VLOOKUP($B$2,Summary!$V$4:$AA$15,J$1,0),0) -> 0 | K14: =VLOOKUP($A:$A,Data_sheet_PTD!$M:$DZ,VLOOKUP($B$2,Summary!$V$4:$AA$15,K$1,0),0) -> 0 | L14: =VLOOKUP($A:$A,Data_sheet_YTD!$M:$DZ,VLOOKUP($B$2,Summary!$V$4:$AA$15,L$1,0),0) -> 0 | M14: =VLOOKUP($A:$A,Data_sheet_YTD!$M:$DZ,VLOOKUP($B$2,Summary!$V$4:$AA$15,M$1,0),0) -> 0 | N14: =VLOOKUP($A:$A,Data_sheet_YTD!$M:$DZ,VLOOKUP($B$2,Summary!$V$4:$AA$15,N$1,0),0) -> 0 | O14: =N14-M14 -> 0 | P14: =VLOOKUP($A:$A,Data_sheet_YTD!$M:$DZ,VLOOKUP($B$2,Summary!$V$4:$AA$15,P$1,0),0) -> 0 | Q14: =VLOOKUP($A:$A,Data_sheet_YTD!$M:$DZ,VLOOKUP($B$2,Summary!$V$4:$AA$15,Q$1,0),0) -> 0 | R14: 0 | S14: =R14-I14 -> 0 | T14: =O14-P14-Q14 -> 0 | V14: November | W14: 12 | X14: 25 | Y14: 38 | Z14: 103 | AA14: 116
A15: CA106 | B15: =IF(F15>0,"O","X") -> O | C15: =IF(G15>0,"O","X") -> O | D15: =IF(H15>0,"O","X") -> O | E15: OPEN | F15: =VLOOKUP($A:$A,Data_sheet_PTD!$M:$DZ,VLOOKUP($B$2,Summary!$V$4:$AA$15,F$1,0),0) -> 50798.23 | G15: =VLOOKUP($A:$A,Data_sheet_PTD!$M:$DZ,VLOOKUP($B$2,Summary!$V$4:$AA$15,G$1,0),0) -> 69224.17 | H15: =VLOOKUP($A:$A,Data_sheet_PTD!$M:$DZ,VLOOKUP($B$2,Summary!$V$4:$AA$15,H$1,0),0) -> 61579.08 | I15: =H15-G15 -> -7645.09 | J15: =VLOOKUP($A:$A,Data_sheet_PTD!$M:$DZ,VLOOKUP($B$2,Summary!$V$4:$AA$15,J$1,0),0) -> -14564.088 | K15: =VLOOKUP($A:$A,Data_sheet_PTD!$M:$DZ,VLOOKUP($B$2,Summary!$V$4:$AA$15,K$1,0),0) -> 6918.9978 | L15: =VLOOKUP($A:$A,Data_sheet_YTD!$M:$DZ,VLOOKUP($B$2,Summary!$V$4:$AA$15,L$1,0),0) -> 930117.39 | M15: =VLOOKUP($A:$A,Data_sheet_YTD!$M:$DZ,VLOOKUP($B$2,Summary!$V$4:$AA$15,M$1,0),0) -> 1185598.7 | N15: =VLOOKUP($A:$A,Data_sheet_YTD!$M:$DZ,VLOOKUP($B$2,Summary!$V$4:$AA$15,N$1,0),0) -> 1163682.4 | O15: =N15-M15 -> -21916.29 | P15: =VLOOKUP($A:$A,Data_sheet_YTD!$M:$DZ,VLOOKUP($B$2,Summary!$V$4:$AA$15,P$1,0),0) -> -87084.572 | Q15: =VLOOKUP($A:$A,Data_sheet_YTD!$M:$DZ,VLOOKUP($B$2,Summary!$V$4:$AA$15,Q$1,0),0) -> 65168.282 | R15: 8106.01 | S15: =R15-I15 -> 15751.1 | T15: =O15-P15-Q15 -> 1.891749e-10 | V15: December | W15: 13 | X15: 26 | Y15: 39 | Z15: 104 | AA15: 117
A16: CA107 | B16: =IF(F16>0,"O","X") -> X | C16: =IF(G16>0,"O","X") -> X | D16: =IF(H16>0,"O","X") -> X | E16: CLOSED | F16: =VLOOKUP($A:$A,Data_sheet_PTD!$M:$DZ,VLOOKUP($B$2,Summary!$V$4:$AA$15,F$1,0),0) -> 0 | G16: =VLOOKUP($A:$A,Data_sheet_PTD!$M:$DZ,VLOOKUP($B$2,Summary!$V$4:$AA$15,G$1,0),0) -> 0 | H16: =VLOOKUP($A:$A,Data_sheet_PTD!$M:$DZ,VLOOKUP($B$2,Summary!$V$4:$AA$15,H$1,0),0) -> 0 | I16: =H16-G16 -> 0 | J16: =VLOOKUP($A:$A,Data_sheet_PTD!$M:$DZ,VLOOKUP($B$2,Summary!$V$4:$AA$15,J$1,0),0) -> 0 | K16: =VLOOKUP($A:$A,Data_sheet_PTD!$M:$DZ,VLOOKUP($B$2,Summary!$V$4:$AA$15,K$1,0),0) -> 0 | L16: =VLOOKUP($A:$A,Data_sheet_YTD!$M:$DZ,VLOOKUP($B$2,Summary!$V$4:$AA$15,L$1,0),0) -> 0 | M16: =VLOOKUP($A:$A,Data_sheet_YTD!$M:$DZ,VLOOKUP($B$2,Summary!$V$4:$AA$15,M$1,0),0) -> 0 | N16: =VLOOKUP($A:$A,Data_sheet_YTD!$M:$DZ,VLOOKUP($B$2,Summary!$V$4:$AA$15,N$1,0),0) -> 0 | O16: =N16-M16 -> 0 | P16: =VLOOKUP($A:$A,Data_sheet_YTD!$M:$DZ,VLOOKUP($B$2,Summary!$V$4:$AA$15,P$1,0),0) -> 0 | Q16: =VLOOKUP($A:$A,Data_sheet_YTD!$M:$DZ,VLOOKUP($B$2,Summary!$V$4:$AA$15,Q$1,0),0) -> 0 | R16: 0 | S16: =R16-I16 -> 0 | T16: =O16-P16-Q16 -> 0
A17: CA108 | B17: =IF(F17>0,"O","X") -> O | C17: =IF(G17>0,"O","X") -> O | D17: =IF(H17>0,"O","X") -> O | E17: OPEN | F17: =VLOOKUP($A:$A,Data_sheet_PTD!$M:$DZ,VLOOKUP($B$2,Summary!$V$4:$AA$15,F$1,0),0) -> 30796.71 | G17: =VLOOKUP($A:$A,Data_sheet_PTD!$M:$DZ,VLOOKUP($B$2,Summary!$V$4:$AA$15,G$1,0),0) -> 35707.87 | H17: =VLOOKUP($A:$A,Data_sheet_PTD!$M:$DZ,VLOOKUP($B$2,Summary!$V$4:$AA$15,H$1,0),0) -> 33386.36 | I17: =H17-G17 -> -2321.51 | J17: =VLOOKUP($A:$A,Data_sheet_PTD!$M:$DZ,VLOOKUP($B$2,Summary!$V$4:$AA$15,J$1,0),0) -> -2766.6615 | K17: =VLOOKUP($A:$A,Data_sheet_PTD!$M:$DZ,VLOOKUP($B$2,Summary!$V$4:$AA$15,K$1,0),0) -> 445.15147 | L17: =VLOOKUP($A:$A,Data_sheet_YTD!$M:$DZ,VLOOKUP($B$2,Summary!$V$4:$AA$15,L$1,0),0) -> 536436.45 | M17: =VLOOKUP($A:$A,Data_sheet_YTD!$M:$DZ,VLOOKUP($B$2,Summary!$V$4:$AA$15,M$1,0),0) -> 633426.51 | N17: =VLOOKUP($A:$A,Data_sheet_YTD!$M:$DZ,VLOOKUP($B$2,Summary!$V$4:$AA$15,N$1,0),0) -> 600070.47 | O17: =N17-M17 -> -33356.04 | P17: =VLOOKUP($A:$A,Data_sheet_YTD!$M:$DZ,VLOOKUP($B$2,Summary!$V$4:$AA$15,P$1,0),0) -> -46647.535 | Q17: =VLOOKUP($A:$A,Data_sheet_YTD!$M:$DZ,VLOOKUP($B$2,Summary!$V$4:$AA$15,Q$1,0),0) -> 13291.495 | R17: 1229.91 | S17: =R17-I17 -> 3551.42 | T17: =O17-P17-Q17 -> -4.5474735e-11
A18: CA109 | B18: =IF(F18>0,"O","X") -> O | C18: =IF(G18>0,"O","X") -> O | D18: =IF(H18>0,"O","X") -> O | E18: OPEN | F18: =VLOOKUP($A:$A,Data_sheet_PTD!$M:$DZ,VLOOKUP($B$2,Summary!$V$4:$AA$15,F$1,0),0) -> 114117.13 | G18: =VLOOKUP($A:$A,Data_sheet_PTD!$M:$DZ,VLOOKUP($B$2,Summary!$V$4:$AA$15,G$1,0),0) -> 123774.01 | H18: =VLOOKUP($A:$A,Data_sheet_PTD!$M:$DZ,VLOOKUP($B$2,Summary!$V$4:$AA$15,H$1,0),0) -> 126845.89 | I18: =H18-G18 -> 3071.88 | J18: =VLOOKUP($A:$A,Data_sheet_PTD!$M:$DZ,VLOOKUP($B$2,Summary!$V$4:$AA$15,J$1,0),0) -> -5988.5407 | K18: =VLOOKUP($A:$A,Data_sheet_PTD!$M:$DZ,VLOOKUP($B$2,Summary!$V$4:$AA$15,K$1,0),0) -> 9060.4207 | L18: =VLOOKUP($A:$A,Data_sheet_YTD!$M:$DZ,VLOOKUP($B$2,Summary!$V$4:$AA$15,L$1,0),0) -> 992914.52 | M18: =VLOOKUP($A:$A,Data_sheet_YTD!$M:$DZ,VLOOKUP($B$2,Summary!$V$4:$AA$15,M$1,0),0) -> 1189155.2 | N18: =VLOOKUP($A:$A,Data_sheet_YTD!$M:$DZ,VLOOKUP($B$2,Summary!$V$4:$AA$15,N$1,0),0) -> 1231018.3 | O18: =N18-M18 -> 41863.14 | P18: =VLOOKUP($A:$A,Data_sheet_YTD!$M:$DZ,VLOOKUP($B$2,Summary!$V$4:$AA$15,P$1,0),0) -> 9271.1752 | Q18: =VLOOKUP($A:$A,Data_sheet_YTD!$M:$DZ,VLOOKUP($B$2,Summary!$V$4:$AA$15,Q$1,0),0) -> 32591.965 | R18: 9740.31 | S18: =R18-I18 -> 6668.43 | T18: =O18-P18-Q18 -> -4.3655746e-11
A19: CA110 | B19: =IF(F19>0,"O","X") -> O | C19: =IF(G19>0,"O","X") -> O | D19: =IF(H19>0,"O","X") -> O | E19: OPEN | F19: =VLOOKUP($A:$A,Data_sheet_PTD!$M:$DZ,VLOOKUP($B$2,Summary!$V$4:$AA$15,F$1,0),0) -> 42705.38 | G19: =VLOOKUP($A:$A,Data_sheet_PTD!$M:$DZ,VLOOKUP($B$2,Summary!$V$4:$AA$15,G$1,0),0) -> 54730.24 | H19: =VLOOKUP($A:$A,Data_sheet_PTD!$M:$DZ,VLOOKUP($B$2,Summary!$V$4:$AA$15,H$1,0),0) -> 50204.67 | I19: =H19-G19 -> -4525.57 | J19: =VLOOKUP($A:$A,Data_sheet_PTD!$M:$DZ,VLOOKUP($B$2,Summary!$V$4:$AA$15,J$1,0),0) -> -4525.57 | K19: =VLOOKUP($A:$A,Data_sheet_PTD!$M:$DZ,VLOOKUP($B$2,Summary!$V$4:$AA$15,K$1,0),0) -> 0 | L19: =VLOOKUP($A:$A,Data_sheet_YTD!$M:$DZ,VLOOKUP($B$2,Summary!$V$4:$AA$15,L$1,0),0) -> 747616.95 | M19: =VLOOKUP($A:$A,Data_sheet_YTD!$M:$DZ,VLOOKUP($B$2,Summary!$V$4:$AA$15,M$1,0),0) -> 896840.57 | N19: =VLOOKUP($A:$A,Data_sheet_YTD!$M:$DZ,VLOOKUP($B$2,Summary!$V$4:$AA$15,N$1,0),0) -> 871512.9 | O19: =N19-M19 -> -25327.67 | P19: =VLOOKUP($A:$A,Data_sheet_YTD!$M:$DZ,VLOOKUP($B$2,Summary!$V$4:$AA$15,P$1,0),0) -> -42731.882 | Q19: =VLOOKUP($A:$A,Data_sheet_YTD!$M:$DZ,VLOOKUP($B$2,Summary!$V$4:$AA$15,Q$1,0),0) -> 17404.212 | R19: -1062.49 | S19: =R19-I19 -> 3463.08 | T19: =O19-P19-Q19 -> 1.1277734e-10
A20: CA111 | B20: =IF(F20>0,"O","X") -> O | C20: =IF(G20>0,"O","X") -> O | D20: =IF(H20>0,"O","X") -> O | E20: OPEN | F20: =VLOOKUP($A:$A,Data_sheet_PTD!$M:$DZ,VLOOKUP($B$2,Summary!$V$4:$AA$15,F$1,0),0) -> 62737.27 | G20: =VLOOKUP($A:$A,Data_sheet_PTD!$M:$DZ,VLOOKUP($B$2,Summary!$V$4:$AA$15,G$1,0),0) -> 78647.52 | H20: =VLOOKUP($A:$A,Data_sheet_PTD!$M:$DZ,VLOOKUP($B$2,Summary!$V$4:$AA$15,H$1,0),0) -> 74374.89 | I20: =H20-G20 -> -4272.63 | J20: =VLOOKUP($A:$A,Data_sheet_PTD!$M:$DZ,VLOOKUP($B$2,Summary!$V$4:$AA$15,J$1,0),0) -> -4272.63 | K20: =VLOOKUP($A:$A,Data_sheet_PTD!$M:$DZ,VLOOKUP($B$2,Summary!$V$4:$AA$15,K$1,0),0) -> 0 | L20: =VLOOKUP($A:$A,Data_sheet_YTD!$M:$DZ,VLOOKUP($B$2,Summary!$V$4:$AA$15,L$1,0),0) -> 1102837.7 | M20: =VLOOKUP($A:$A,Data_sheet_YTD!$M:$DZ,VLOOKUP($B$2,Summary!$V$4:$AA$15,M$1,0),0) -> 1282372.8 | N20: =VLOOKUP($A:$A,Data_sheet_YTD!$M:$DZ,VLOOKUP($B$2,Summary!$V$4:$AA$15,N$1,0),0) -> 1302493.4 | O20: =N20-M20 -> 20120.63 | P20: =VLOOKUP($A:$A,Data_sheet_YTD!$M:$DZ,VLOOKUP($B$2,Summary!$V$4:$AA$15,P$1,0),0) -> 7382.3307 | Q20: =VLOOKUP($A:$A,Data_sheet_YTD!$M:$DZ,VLOOKUP($B$2,Summary!$V$4:$AA$15,Q$1,0),0) -> 12738.299 | R20: 16056.8 | S20: =R20-I20 -> 20329.43 | T20: =O20-P20-Q20 -> -1.2732926e-10
A21: CA112 | B21: =IF(F21>0,"O","X") -> O | C21: =IF(G21>0,"O","X") -> O | D21: =IF(H21>0,"O","X") -> O | E21: OPEN | F21: =VLOOKUP($A:$A,Data_sheet_PTD!$M:$DZ,VLOOKUP($B$2,Summary!$V$4:$AA$15,F$1,0),0) -> 41724.1 | G21: =VLOOKUP($A:$A,Data_sheet_PTD!$M:$DZ,VLOOKUP($B$2,Summary!$V$4:$AA$15,G$1,0),0) -> 48982.46 | H21: =VLOOKUP($A:$A,Data_sheet_PTD!$M:$DZ,VLOOKUP($B$2,Summary!$V$4:$AA$15,H$1,0),0) -> 47464.29 | I21: =H21-G21 -> -1518.17 | J21: =VLOOKUP($A:$A,Data_sheet_PTD!$M:$DZ,VLOOKUP($B$2,Summary!$V$4:$AA$15,J$1,0),0) -> -1518.17 | K21: =VLOOKUP($A:$A,Data_sheet_PTD!$M:$DZ,VLOOKUP($B$2,Summary!$V$4:$AA$15,K$1,0),0) -> 0 | L21: =VLOOKUP($A:$A,Data_sheet_YTD!$M:$DZ,VLOOKUP($B$2,Summary!$V$4:$AA$15,L$1,0),0) -> 688138.94 | M21: =VLOOKUP($A:$A,Data_sheet_YTD!$M:$DZ,VLOOKUP($B$2,Summary!$V$4:$AA$15,M$1,0),0) -> 850227.01 | N21: =VLOOKUP($A:$A,Data_sheet_YTD!$M:$DZ,VLOOKUP($B$2,Summary!$V$4:$AA$15,N$1,0),0) -> 843610.96 | O21: =N21-M21 -> -6616.05 | P21: =VLOOKUP($A:$A,Data_sheet_YTD!$M:$DZ,VLOOKUP($B$2,Summary!$V$4:$AA$15,P$1,0),0) -> -10103.183 | Q21: =VLOOKUP($A:$A,Data_sheet_YTD!$M:$DZ,VLOOKUP($B$2,Summary!$V$4:$AA$15,Q$1,0),0) -> 3487.1327 | R21: 7020.95 | S21: =R21-I21 -> 8539.12 | T21: =O21-P21-Q21 -> 1.036824e-10
A22: CA114 | B22: =IF(F22>0,"O","X") -> X | C22: =IF(G22>0,"O","X") -> X | D22: =IF(H22>0,"O","X") -> X | E22: CLOSED | F22: =VLOOKUP($A:$A,Data_sheet_PTD!$M:$DZ,VLOOKUP($B$2,Summary!$V$4:$AA$15,F$1,0),0) -> 0 | G22: =VLOOKUP($A:$A,Data_sheet_PTD!$M:$DZ,VLOOKUP($B$2,Summary!$V$4:$AA$15,G$1,0),0) -> 0 | H22: =VLOOKUP($A:$A,Data_sheet_PTD!$M:$DZ,VLOOKUP($B$2,Summary!$V$4:$AA$15,H$1,0),0) -> 0 | I22: =H22-G22 -> 0 | J22: =VLOOKUP($A:$A,Data_sheet_PTD!$M:$DZ,VLOOKUP($B$2,Summary!$V$4:$AA$15,J$1,0),0) -> 0 | K22: =VLOOKUP($A:$A,Data_sheet_PTD!$M:$DZ,VLOOKUP($B$2,Summary!$V$4:$AA$15,K$1,0),0) -> 0 | L22: =VLOOKUP($A:$A,Data_sheet_YTD!$M:$DZ,VLOOKUP($B$2,Summary!$V$4:$AA$15,L$1,0),0) -> 0 | M22: =VLOOKUP($A:$A,Data_sheet_YTD!$M:$DZ,VLOOKUP($B$2,Summary!$V$4:$AA$15,M$1,0),0) -> 0 | N22: =VLOOKUP($A:$A,Data_sheet_YTD!$M:$DZ,VLOOKUP($B$2,Summary!$V$4:$AA$15,N$1,0),0) -> 0 | O22: =N22-M22 -> 0 | P22: =VLOOKUP($A:$A,Data_sheet_YTD!$M:$DZ,VLOOKUP($B$2,Summary!$V$4:$AA$15,P$1,0),0) -> 0 | Q22: =VLOOKUP($A:$A,Data_sheet_YTD!$M:$DZ,VLOOKUP($B$2,Summary!$V$4:$AA$15,Q$1,0),0) -> 0 | R22: 0 | S22: =R22-I22 -> 0 | T22: =O22-P22-Q22 -> 0 | V22: January | W22: N
A23: CA115 | B23: =IF(F23>0,"O","X") -> O | C23: =IF(G23>0,"O","X") -> O | D23: =IF(H23>0,"O","X") -> O | E23: OPEN | F23: =VLOOKUP($A:$A,Data_sheet_PTD!$M:$DZ,VLOOKUP($B$2,Summary!$V$4:$AA$15,F$1,0),0) -> 66160.09 | G23: =VLOOKUP($A:$A,Data_sheet_PTD!$M:$DZ,VLOOKUP($B$2,Summary!$V$4:$AA$15,G$1,0),0) -> 81001.76 | H23: =VLOOKUP($A:$A,Data_sheet_PTD!$M:$DZ,VLOOKUP($B$2,Summary!$V$4:$AA$15,H$1,0),0) -> 97740.81 | I23: =H23-G23 -> 16739.05 | J23: =VLOOKUP($A:$A,Data_sheet_PTD!$M:$DZ,VLOOKUP($B$2,Summary!$V$4:$AA$15,J$1,0),0) -> 16739.05 | K23: =VLOOKUP($A:$A,Data_sheet_PTD!$M:$DZ,VLOOKUP($B$2,Summary!$V$4:$AA$15,K$1,0),0) -> 0 | L23: =VLOOKUP($A:$A,Data_sheet_YTD!$M:$DZ,VLOOKUP($B$2,Summary!$V$4:$AA$15,L$1,0),0) -> 1106725.1 | M23: =VLOOKUP($A:$A,Data_sheet_YTD!$M:$DZ,VLOOKUP($B$2,Summary!$V$4:$AA$15,M$1,0),0) -> 1407457 | N23: =VLOOKUP($A:$A,Data_sheet_YTD!$M:$DZ,VLOOKUP($B$2,Summary!$V$4:$AA$15,N$1,0),0) -> 1678252.2 | O23: =N23-M23 -> 270795.12 | P23: =VLOOKUP($A:$A,Data_sheet_YTD!$M:$DZ,VLOOKUP($B$2,Summary!$V$4:$AA$15,P$1,0),0) -> 176436.23 | Q23: =VLOOKUP($A:$A,Data_sheet_YTD!$M:$DZ,VLOOKUP($B$2,Summary!$V$4:$AA$15,Q$1,0),0) -> 94358.886 | R23: 40146.4 | S23: =R23-I23 -> 23407.35 | T23: =O23-P23-Q23 -> 0 | V23: February | W23: O
A24: CA116 | B24: =IF(F24>0,"O","X") -> X | C24: =IF(G24>0,"O","X") -> X | D24: =IF(H24>0,"O","X") -> X | E24: CLOSED | F24: =VLOOKUP($A:$A,Data_sheet_PTD!$M:$DZ,VLOOKUP($B$2,Summary!$V$4:$AA$15,F$1,0),0) -> 0 | G24: =VLOOKUP($A:$A,Data_sheet_PTD!$M:$DZ,VLOOKUP($B$2,Summary!$V$4:$AA$15,G$1,0),0) -> 0 | H24: =VLOOKUP($A:$A,Data_sheet_PTD!$M:$DZ,VLOOKUP($B$2,Summary!$V$4:$AA$15,H$1,0),0) -> 0 | I24: =H24-G24 -> 0 | J24: =VLOOKUP($A:$A,Data_sheet_PTD!$M:$DZ,VLOOKUP($B$2,Summary!$V$4:$AA$15,J$1,0),0) -> 0 | K24: =VLOOKUP($A:$A,Data_sheet_PTD!$M:$DZ,VLOOKUP($B$2,Summary!$V$4:$AA$15,K$1,0),0) -> 0 | L24: =VLOOKUP($A:$A,Data_sheet_YTD!$M:$DZ,VLOOKUP($B$2,Summary!$V$4:$AA$15,L$1,0),0) -> 91114.25 | M24: =VLOOKUP($A:$A,Data_sheet_YTD!$M:$DZ,VLOOKUP($B$2,Summary!$V$4:$AA$15,M$1,0),0) -> 0 | N24: =VLOOKUP($A:$A,Data_sheet_YTD!$M:$DZ,VLOOKUP($B$2,Summary!$V$4:$AA$15,N$1,0),0) -> 0 | O24: =N24-M24 -> 0 | P24: =VLOOKUP($A:$A,Data_sheet_YTD!$M:$DZ,VLOOKUP($B$2,Summary!$V$4:$AA$15,P$1,0),0) -> 0 | Q24: =VLOOKUP($A:$A,Data_sheet_YTD!$M:$DZ,VLOOKUP($B$2,Summary!$V$4:$AA$15,Q$1,0),0) -> 0 | R24: 0 | S24: =R24-I24 -> 0 | T24: =O24-P24-Q24 -> 0 | V24: March | W24: P
A25: CA117 | B25: =IF(F25>0,"O","X") -> O | C25: =IF(G25>0,"O","X") -> O | D25: =IF(H25>0,"O","X") -> O | E25: OPEN | F25: =VLOOKUP($A:$A,Data_sheet_PTD!$M:$DZ,VLOOKUP($B$2,Summary!$V$4:$AA$15,F$1,0),0) -> 34959.31 | G25: =VLOOKUP($A:$A,Data_sheet_PTD!$M:$DZ,VLOOKUP($B$2,Summary!$V$4:$AA$15,G$1,0),0) -> 47781.21 | H25: =VLOOKUP($A:$A,Data_sheet_PTD!$M:$DZ,VLOOKUP($B$2,Summary!$V$4:$AA$15,H$1,0),0) -> 51789.54 | I25: =H25-G25 -> 4008.33 | J25: =VLOOKUP($A:$A,Data_sheet_PTD!$M:$DZ,VLOOKUP($B$2,Summary!$V$4:$AA$15,J$1,0),0) -> 4008.33 | K25: =VLOOKUP($A:$A,Data_sheet_PTD!$M:$DZ,VLOOKUP($B$2,Summary!$V$4:$AA$15,K$1,0),0) -> 0 | L25: =VLOOKUP($A:$A,Data_sheet_YTD!$M:$DZ,VLOOKUP($B$2,Summary!$V$4:$AA$15,L$1,0),0) -> 571274.32 | M25: =VLOOKUP($A:$A,Data_sheet_YTD!$M:$DZ,VLOOKUP($B$2,Summary!$V$4:$AA$15,M$1,0),0) -> 759758.99 | N25: =VLOOKUP($A:$A,Data_sheet_YTD!$M:$DZ,VLOOKUP($B$2,Summary!$V$4:$AA$15,N$1,0),0) -> 798694.08 | O25: =N25-M25 -> 38935.09 | P25: =VLOOKUP($A:$A,Data_sheet_YTD!$M:$DZ,VLOOKUP($B$2,Summary!$V$4:$AA$15,P$1,0),0) -> 21950.325 | Q25: =VLOOKUP($A:$A,Data_sheet_YTD!$M:$DZ,VLOOKUP($B$2,Summary!$V$4:$AA$15,Q$1,0),0) -> 16984.765 | R25: 4785.21 | S25: =R25-I25 -> 776.88 | T25: =O25-P25-Q25 -> 6.9121597e-11 | V25: April | W25: Q
A26: CA118 | B26: =IF(F26>0,"O","X") -> O | C26: =IF(G26>0,"O","X") -> O | D26: =IF(H26>0,"O","X") -> O | E26: OPEN | F26: =VLOOKUP($A:$A,Data_sheet_PTD!$M:$DZ,VLOOKUP($B$2,Summary!$V$4:$AA$15,F$1,0),0) -> 44438.55 | G26: =VLOOKUP($A:$A,Data_sheet_PTD!$M:$DZ,VLOOKUP($B$2,Summary!$V$4:$AA$15,G$1,0),0) -> 62318.78 | H26: =VLOOKUP($A:$A,Data_sheet_PTD!$M:$DZ,VLOOKUP($B$2,Summary!$V$4:$AA$15,H$1,0),0) -> 59644.47 | I26: =H26-G26 -> -2674.31 | J26: =VLOOKUP($A:$A,Data_sheet_PTD!$M:$DZ,VLOOKUP($B$2,Summary!$V$4:$AA$15,J$1,0),0) -> -7204.2697 | K26: =VLOOKUP($A:$A,Data_sheet_PTD!$M:$DZ,VLOOKUP($B$2,Summary!$V$4:$AA$15,K$1,0),0) -> 4529.9597 | L26: =VLOOKUP($A:$A,Data_sheet_YTD!$M:$DZ,VLOOKUP($B$2,Summary!$V$4:$AA$15,L$1,0),0) -> 711897 | M26: =VLOOKUP($A:$A,Data_sheet_YTD!$M:$DZ,VLOOKUP($B$2,Summary!$V$4:$AA$15,M$1,0),0) -> 926818.05 | N26: =VLOOKUP($A:$A,Data_sheet_YTD!$M:$DZ,VLOOKUP($B$2,Summary!$V$4:$AA$15,N$1,0),0) -> 971320.52 | O26: =N26-M26 -> 44502.47 | P26: =VLOOKUP($A:$A,Data_sheet_YTD!$M:$DZ,VLOOKUP($B$2,Summary!$V$4:$AA$15,P$1,0),0) -> -8127.1363 | Q26: =VLOOKUP($A:$A,Data_sheet_YTD!$M:$DZ,VLOOKUP($B$2,Summary!$V$4:$AA$15,Q$1,0),0) -> 52629.606 | R26: 10371.71 | S26: =R26-I26 -> 13046.02 | T26: =O26-P26-Q26 -> 0 | V26: May | W26: R
A27: CA119 | B27: =IF(F27>0,"O","X") -> O | C27: =IF(G27>0,"O","X") -> O | D27: =IF(H27>0,"O","X") -> O | E27: OPEN | F27: =VLOOKUP($A:$A,Data_sheet_PTD!$M:$DZ,VLOOKUP($B$2,Summary!$V$4:$AA$15,F$1,0),0) -> 42287.01 | G27: =VLOOKUP($A:$A,Data_sheet_PTD!$M:$DZ,VLOOKUP($B$2,Summary!$V$4:$AA$15,G$1,0),0) -> 49963.71 | H27: =VLOOKUP($A:$A,Data_sheet_PTD!$M:$DZ,VLOOKUP($B$2,Summary!$V$4:$AA$15,H$1,0),0) -> 52629.93 | I27: =H27-G27 -> 2666.22 | J27: =VLOOKUP($A:$A,Data_sheet_PTD!$M:$DZ,VLOOKUP($B$2,Summary!$V$4:$AA$15,J$1,0),0) -> 2666.22 | K27: =VLOOKUP($A:$A,Data_sheet_PTD!$M:$DZ,VLOOKUP($B$2,Summary!$V$4:$AA$15,K$1,0),0) -> 0 | L27: =VLOOKUP($A:$A,Data_sheet_YTD!$M:$DZ,VLOOKUP($B$2,Summary!$V$4:$AA$15,L$1,0),0) -> 778399.69 | M27: =VLOOKUP($A:$A,Data_sheet_YTD!$M:$DZ,VLOOKUP($B$2,Summary!$V$4:$AA$15,M$1,0),0) -> 890108.83 | N27: =VLOOKUP($A:$A,Data_sheet_YTD!$M:$DZ,VLOOKUP($B$2,Summary!$V$4:$AA$15,N$1,0),0) -> 910653.67 | O27: =N27-M27 -> 20544.84 | P27: =VLOOKUP($A:$A,Data_sheet_YTD!$M:$DZ,VLOOKUP($B$2,Summary!$V$4:$AA$15,P$1,0),0) -> 13652.671 | Q27: =VLOOKUP($A:$A,Data_sheet_YTD!$M:$DZ,VLOOKUP($B$2,Summary!$V$4:$AA$15,Q$1,0),0) -> 6892.1694 | R27: 8957.6 | S27: =R27-I27 -> 6291.38 | T27: =O27-P27-Q27 -> -4.0017767e-11 | V27: June | W27: S
A28: CA120 | B28: =IF(F28>0,"O","X") -> O | C28: =IF(G28>0,"O","X") -> O | D28: =IF(H28>0,"O","X") -> O | E28: OPEN | F28: =VLOOKUP($A:$A,Data_sheet_PTD!$M:$DZ,VLOOKUP($B$2,Summary!$V$4:$AA$15,F$1,0),0) -> 39112.73 | G28: =VLOOKUP($A:$A,Data_sheet_PTD!$M:$DZ,VLOOKUP($B$2,Summary!$V$4:$AA$15,G$1,0),0) -> 46863.45 | H28: =VLOOKUP($A:$A,Data_sheet_PTD!$M:$DZ,VLOOKUP($B$2,Summary!$V$4:$AA$15,H$1,0),0) -> 51502.9 | I28: =H28-G28 -> 4639.45 | J28: =VLOOKUP($A:$A,Data_sheet_PTD!$M:$DZ,VLOOKUP($B$2,Summary!$V$4:$AA$15,J$1,0),0) -> 463.53919 | K28: =VLOOKUP($A:$A,Data_sheet_PTD!$M:$DZ,VLOOKUP($B$2,Summary!$V$4:$AA$15,K$1,0),0) -> 4175.9108 | L28: =VLOOKUP($A:$A,Data_sheet_YTD!$M:$DZ,VLOOKUP($B$2,Summary!$V$4:$AA$15,L$1,0),0) -> 668799.8 | M28: =VLOOKUP($A:$A,Data_sheet_YTD!$M:$DZ,VLOOKUP($B$2,Summary!$V$4:$AA$15,M$1,0),0) -> 822136.26 | N28: =VLOOKUP($A:$A,Data_sheet_YTD!$M:$DZ,VLOOKUP($B$2,Summary!$V$4:$AA$15,N$1,0),0) -> 850178.41 | O28: =N28-M28 -> 28042.15 | P28: =VLOOKUP($A:$A,Data_sheet_YTD!$M:$DZ,VLOOKUP($B$2,Summary!$V$4:$AA$15,P$1,0),0) -> -21244.344 | Q28: =VLOOKUP($A:$A,Data_sheet_YTD!$M:$DZ,VLOOKUP($B$2,Summary!$V$4:$AA$15,Q$1,0),0) -> 49286.494 | R28: 8459.08 | S28: =R28-I28 -> 3819.63 | T28: =O28-P28-Q28 -> 2.0372681e-10 | V28: July | W28: T
A29: CA121 | B29: =IF(F29>0,"O","X") -> X | C29: =IF(G29>0,"O","X") -> X | D29: =IF(H29>0,"O","X") -> X | E29: CLOSED | F29: =VLOOKUP($A:$A,Data_sheet_PTD!$M:$DZ,VLOOKUP($B$2,Summary!$V$4:$AA$15,F$1,0),0) -> 0 | G29: =VLOOKUP($A:$A,Data_sheet_PTD!$M:$DZ,VLOOKUP($B$2,Summary!$V$4:$AA$15,G$1,0),0) -> 0 | H29: =VLOOKUP($A:$A,Data_sheet_PTD!$M:$DZ,VLOOKUP($B$2,Summary!$V$4:$AA$15,H$1,0),0) -> 0 | I29: =H29-G29 -> 0 | J29: =VLOOKUP($A:$A,Data_sheet_PTD!$M:$DZ,VLOOKUP($B$2,Summary!$V$4:$AA$15,J$1,0),0) -> 0 | K29: =VLOOKUP($A:$A,Data_sheet_PTD!$M:$DZ,VLOOKUP($B$2,Summary!$V$4:$AA$15,K$1,0),0) -> 0 | L29: =VLOOKUP($A:$A,Data_sheet_YTD!$M:$DZ,VLOOKUP($B$2,Summary!$V$4:$AA$15,L$1,0),0) -> 0 | M29: =VLOOKUP($A:$A,Data_sheet_YTD!$M:$DZ,VLOOKUP($B$2,Summary!$V$4:$AA$15,M$1,0),0) -> 0 | N29: =VLOOKUP($A:$A,Data_sheet_YTD!$M:$DZ,VLOOKUP($B$2,Summary!$V$4:$AA$15,N$1,0),0) -> 0 | O29: =N29-M29 -> 0 | P29: =VLOOKUP($A:$A,Data_sheet_YTD!$M:$DZ,VLOOKUP($B$2,Summary!$V$4:$AA$15,P$1,0),0) -> 0 | Q29: =VLOOKUP($A:$A,Data_sheet_YTD!$M:$DZ,VLOOKUP($B$2,Summary!$V$4:$AA$15,Q$1,0),0) -> 0 | R29: 0 | S29: =R29-I29 -> 0 | T29: =O29-P29-Q29 -> 0 | V29: August | W29: U
A30: CA123 | B30: =IF(F30>0,"O","X") -> O | C30: =IF(G30>0,"O","X") -> O | D30: =IF(H30>0,"O","X") -> O | E30: OPEN | F30: =VLOOKUP($A:$A,Data_sheet_PTD!$M:$DZ,VLOOKUP($B$2,Summary!$V$4:$AA$15,F$1,0),0) -> 45063 | G30: =VLOOKUP($A:$A,Data_sheet_PTD!$M:$DZ,VLOOKUP($B$2,Summary!$V$4:$AA$15,G$1,0),0) -> 58703.52 | H30: =VLOOKUP($A:$A,Data_sheet_PTD!$M:$DZ,VLOOKUP($B$2,Summary!$V$4:$AA$15,H$1,0),0) -> 59865.35 | I30: =H30-G30 -> 1161.83 | J30: =VLOOKUP($A:$A,Data_sheet_PTD!$M:$DZ,VLOOKUP($B$2,Summary!$V$4:$AA$15,J$1,0),0) -> 1161.83 | K30: =VLOOKUP($A:$A,Data_sheet_PTD!$M:$DZ,VLOOKUP($B$2,Summary!$V$4:$AA$15,K$1,0),0) -> 0 | L30: =VLOOKUP($A:$A,Data_sheet_YTD!$M:$DZ,VLOOKUP($B$2,Summary!$V$4:$AA$15,L$1,0),0) -> 779991.78 | M30: =VLOOKUP($A:$A,Data_sheet_YTD!$M:$DZ,VLOOKUP($B$2,Summary!$V$4:$AA$15,M$1,0),0) -> 1025593.6 | N30: =VLOOKUP($A:$A,Data_sheet_YTD!$M:$DZ,VLOOKUP($B$2,Summary!$V$4:$AA$15,N$1,0),0) -> 1055346.4 | O30: =N30-M30 -> 29752.83 | P30: =VLOOKUP($A:$A,Data_sheet_YTD!$M:$DZ,VLOOKUP($B$2,Summary!$V$4:$AA$15,P$1,0),0) -> -1431.4627 | Q30: =VLOOKUP($A:$A,Data_sheet_YTD!$M:$DZ,VLOOKUP($B$2,Summary!$V$4:$AA$15,Q$1,0),0) -> 31184.293 | R30: 2633.38 | S30: =R30-I30 -> 1471.55 | T30: =O30-P30-Q30 -> -1.6734703e-10 | V30: September | W30: V
A31: CA125 | B31: =IF(F31>0,"O","X") -> O | C31: =IF(G31>0,"O","X") -> O | D31: =IF(H31>0,"O","X") -> O | E31: OPEN | F31: =VLOOKUP($A:$A,Data_sheet_PTD!$M:$DZ,VLOOKUP($B$2,Summary!$V$4:$AA$15,F$1,0),0) -> 54195.61 | G31: =VLOOKUP($A:$A,Data_sheet_PTD!$M:$DZ,VLOOKUP($B$2,Summary!$V$4:$AA$15,G$1,0),0) -> 63894.58 | H31: =VLOOKUP($A:$A,Data_sheet_PTD!$M:$DZ,VLOOKUP($B$2,Summary!$V$4:$AA$15,H$1,0),0) -> 61101.18 | I31: =H31-G31 -> -2793.4 | J31: =VLOOKUP($A:$A,Data_sheet_PTD!$M:$DZ,VLOOKUP($B$2,Summary!$V$4:$AA$15,J$1,0),0) -> -2793.4 | K31: =VLOOKUP($A:$A,Data_sheet_PTD!$M:$DZ,VLOOKUP($B$2,Summary!$V$4:$AA$15,K$1,0),0) -> 0 | L31: =VLOOKUP($A:$A,Data_sheet_YTD!$M:$DZ,VLOOKUP($B$2,Summary!$V$4:$AA$15,L$1,0),0) -> 928767.92 | M31: =VLOOKUP($A:$A,Data_sheet_YTD!$M:$DZ,VLOOKUP($B$2,Summary!$V$4:$AA$15,M$1,0),0) -> 1202661.1 | N31: =VLOOKUP($A:$A,Data_sheet_YTD!$M:$DZ,VLOOKUP($B$2,Summary!$V$4:$AA$15,N$1,0),0) -> 1277852.2 | O31: =N31-M31 -> 75191.04 | P31: =VLOOKUP($A:$A,Data_sheet_YTD!$M:$DZ,VLOOKUP($B$2,Summary!$V$4:$AA$15,P$1,0),0) -> 75191.04 | Q31: =VLOOKUP($A:$A,Data_sheet_YTD!$M:$DZ,VLOOKUP($B$2,Summary!$V$4:$AA$15,Q$1,0),0) -> 0 | R31: 16537.93 | S31: =R31-I31 -> 19331.33 | T31: =O31-P31-Q31 -> 7.2759576e-11 | V31: October | W31: W
A32: CA126 | B32: =IF(F32>0,"O","X") -> X | C32: =IF(G32>0,"O","X") -> X | D32: =IF(H32>0,"O","X") -> X | E32: CLOSED | F32: =VLOOKUP($A:$A,Data_sheet_PTD!$M:$DZ,VLOOKUP($B$2,Summary!$V$4:$AA$15,F$1,0),0) -> 0 | G32: =VLOOKUP($A:$A,Data_sheet_PTD!$M:$DZ,VLOOKUP($B$2,Summary!$V$4:$AA$15,G$1,0),0) -> 0 | H32: =VLOOKUP($A:$A,Data_sheet_PTD!$M:$DZ,VLOOKUP($B$2,Summary!$V$4:$AA$15,H$1,0),0) -> 0 | I32: =H32-G32 -> 0 | J32: =VLOOKUP($A:$A,Data_sheet_PTD!$M:$DZ,VLOOKUP($B$2,Summary!$V$4:$AA$15,J$1,0),0) -> 0 | K32: =VLOOKUP($A:$A,Data_sheet_PTD!$M:$DZ,VLOOKUP($B$2,Summary!$V$4:$AA$15,K$1,0),0) -> 0 | L32: =VLOOKUP($A:$A,Data_sheet_YTD!$M:$DZ,VLOOKUP($B$2,Summary!$V$4:$AA$15,L$1,0),0) -> 0 | M32: =VLOOKUP($A:$A,Data_sheet_YTD!$M:$DZ,VLOOKUP($B$2,Summary!$V$4:$AA$15,M$1,0),0) -> 0 | N32: =VLOOKUP($A:$A,Data_sheet_YTD!$M:$DZ,VLOOKUP($B$2,Summary!$V$4:$AA$15,N$1,0),0) -> 0 | O32: =N32-M32 -> 0 | P32: =VLOOKUP($A:$A,Data_sheet_YTD!$M:$DZ,VLOOKUP($B$2,Summary!$V$4:$AA$15,P$1,0),0) -> 0 | Q32: =VLOOKUP($A:$A,Data_sheet_YTD!$M:$DZ,VLOOKUP($B$2,Summary!$V$4:$AA$15,Q$1,0),0) -> 0 | R32: 0 | S32: =R32-I32 -> 0 | T32: =O32-P32-Q32 -> 0 | V32: November | W32: X
A33: CA128 | B33: =IF(F33>0,"O","X") -> O | C33: =IF(G33>0,"O","X") -> O | D33: =IF(H33>0,"O","X") -> O | E33: OPEN | F33: =VLOOKUP($A:$A,Data_sheet_PTD!$M:$DZ,VLOOKUP($B$2,Summary!$V$4:$AA$15,F$1,0),0) -> 27054.94 | G33: =VLOOKUP($A:$A,Data_sheet_PTD!$M:$DZ,VLOOKUP($B$2,Summary!$V$4:$AA$15,G$1,0),0) -> 38750.23 | H33: =VLOOKUP($A:$A,Data_sheet_PTD!$M:$DZ,VLOOKUP($B$2,Summary!$V$4:$AA$15,H$1,0),0) -> 44631.06 | I33: =H33-G33 -> 5880.83 | J33: =VLOOKUP($A:$A,Data_sheet_PTD!$M:$DZ,VLOOKUP($B$2,Summary!$V$4:$AA$15,J$1,0),0) -> 2944.5761 | K33: =VLOOKUP($A:$A,Data_sheet_PTD!$M:$DZ,VLOOKUP($B$2,Summary!$V$4:$AA$15,K$1,0),0) -> 2936.2539 | L33: =VLOOKUP($A:$A,Data_sheet_YTD!$M:$DZ,VLOOKUP($B$2,Summary!$V$4:$AA$15,L$1,0),0) -> 651011.89 | M33: =VLOOKUP($A:$A,Data_sheet_YTD!$M:$DZ,VLOOKUP($B$2,Summary!$V$4:$AA$15,M$1,0),0) -> 713392.58 | N33: =VLOOKUP($A:$A,Data_sheet_YTD!$M:$DZ,VLOOKUP($B$2,Summary!$V$4:$AA$15,N$1,0),0) -> 698371.76 | O33: =N33-M33 -> -15020.82 | P33: =VLOOKUP($A:$A,Data_sheet_YTD!$M:$DZ,VLOOKUP($B$2,Summary!$V$4:$AA$15,P$1,0),0) -> -45773.98 | Q33: =VLOOKUP($A:$A,Data_sheet_YTD!$M:$DZ,VLOOKUP($B$2,Summary!$V$4:$AA$15,Q$1,0),0) -> 30753.16 | R33: 6345.58 | S33: =R33-I33 -> 464.75 | T33: =O33-P33-Q33 -> 6.9121597e-11 | V33: December | W33: Y
A34: CA129 | B34: =IF(F34>0,"O","X") -> O | C34: =IF(G34>0,"O","X") -> O | D34: =IF(H34>0,"O","X") -> O | E34: OPEN | F34: =VLOOKUP($A:$A,Data_sheet_PTD!$M:$DZ,VLOOKUP($B$2,Summary!$V$4:$AA$15,F$1,0),0) -> 49483.41 | G34: =VLOOKUP($A:$A,Data_sheet_PTD!$M:$DZ,VLOOKUP($B$2,Summary!$V$4:$AA$15,G$1,0),0) -> 63347.82 | H34: =VLOOKUP($A:$A,Data_sheet_PTD!$M:$DZ,VLOOKUP($B$2,Summary!$V$4:$AA$15,H$1,0),0) -> 65395.67 | I34: =H34-G34 -> 2047.85 | J34: =VLOOKUP($A:$A,Data_sheet_PTD!$M:$DZ,VLOOKUP($B$2,Summary!$V$4:$AA$15,J$1,0),0) -> 392.26342 | K34: =VLOOKUP($A:$A,Data_sheet_PTD!$M:$DZ,VLOOKUP($B$2,Summary!$V$4:$AA$15,K$1,0),0) -> 1655.5866 | L34: =VLOOKUP($A:$A,Data_sheet_YTD!$M:$DZ,VLOOKUP($B$2,Summary!$V$4:$AA$15,L$1,0),0) -> 915342.43 | M34: =VLOOKUP($A:$A,Data_sheet_YTD!$M:$DZ,VLOOKUP($B$2,Summary!$V$4:$AA$15,M$1,0),0) -> 1150445.6 | N34: =VLOOKUP($A:$A,Data_sheet_YTD!$M:$DZ,VLOOKUP($B$2,Summary!$V$4:$AA$15,N$1,0),0) -> 1272642.8 | O34: =N34-M34 -> 122197.23 | P34: =VLOOKUP($A:$A,Data_sheet_YTD!$M:$DZ,VLOOKUP($B$2,Summary!$V$4:$AA$15,P$1,0),0) -> 71105.217 | Q34: =VLOOKUP($A:$A,Data_sheet_YTD!$M:$DZ,VLOOKUP($B$2,Summary!$V$4:$AA$15,Q$1,0),0) -> 51092.013 | R34: 22311.83 | S34: =R34-I34 -> 20263.98 | T34: =O34-P34-Q34 -> -1.5279511e-10
A35: CA130 | B35: =IF(F35>0,"O","X") -> O | C35: =IF(G35>0,"O","X") -> O | D35: =IF(H35>0,"O","X") -> O | E35: OPEN | F35: =VLOOKUP($A:$A,Data_sheet_PTD!$M:$DZ,VLOOKUP($B$2,Summary!$V$4:$AA$15,F$1,0),0) -> 48442.95 | G35: =VLOOKUP($A:$A,Data_sheet_PTD!$M:$DZ,VLOOKUP($B$2,Summary!$V$4:$AA$15,G$1,0),0) -> 53547.46 | H35: =VLOOKUP($A:$A,Data_sheet_PTD!$M:$DZ,VLOOKUP($B$2,Summary!$V$4:$AA$15,H$1,0),0) -> 50116.63 | I35: =H35-G35 -> -3430.83 | J35: =VLOOKUP($A:$A,Data_sheet_PTD!$M:$DZ,VLOOKUP($B$2,Summary!$V$4:$AA$15,J$1,0),0) -> -4699.6054 | K35: =VLOOKUP($A:$A,Data_sheet_PTD!$M:$DZ,VLOOKUP($B$2,Summary!$V$4:$AA$15,K$1,0),0) -> 1268.7754 | L35: =VLOOKUP($A:$A,Data_sheet_YTD!$M:$DZ,VLOOKUP($B$2,Summary!$V$4:$AA$15,L$1,0),0) -> 845405.11 | M35: =VLOOKUP($A:$A,Data_sheet_YTD!$M:$DZ,VLOOKUP($B$2,Summary!$V$4:$AA$15,M$1,0),0) -> 965170.73 | N35: =VLOOKUP($A:$A,Data_sheet_YTD!$M:$DZ,VLOOKUP($B$2,Summary!$V$4:$AA$15,N$1,0),0) -> 949731.93 | O35: =N35-M35 -> -15438.8 | P35: =VLOOKUP($A:$A,Data_sheet_YTD!$M:$DZ,VLOOKUP($B$2,Summary!$V$4:$AA$15,P$1,0),0) -> -35947.825 | Q35: =VLOOKUP($A:$A,Data_sheet_YTD!$M:$DZ,VLOOKUP($B$2,Summary!$V$4:$AA$15,Q$1,0),0) -> 20509.025 | R35: 5590.11 | S35: =R35-I35 -> 9020.94 | T35: =O35-P35-Q35 -> 5.4569682e-11
A36: CA131 | B36: =IF(F36>0,"O","X") -> O | C36: =IF(G36>0,"O","X") -> O | D36: =IF(H36>0,"O","X") -> O | E36: OPEN | F36: =VLOOKUP($A:$A,Data_sheet_PTD!$M:$DZ,VLOOKUP($B$2,Summary!$V$4:$AA$15,F$1,0),0) -> 69993.14 | G36: =VLOOKUP($A:$A,Data_sheet_PTD!$M:$DZ,VLOOKUP($B$2,Summary!$V$4:$AA$15,G$1,0),0) -> 78078.28 | H36: =VLOOKUP($A:$A,Data_sheet_PTD!$M:$DZ,VLOOKUP($B$2,Summary!$V$4:$AA$15,H$1,0),0) -> 79547.91 | I36: =H36-G36 -> 1469.63 | J36: =VLOOKUP($A:$A,Data_sheet_PTD!$M:$DZ,VLOOKUP($B$2,Summary!$V$4:$AA$15,J$1,0),0) -> 1469.63 | K36: =VLOOKUP($A:$A,Data_sheet_PTD!$M:$DZ,VLOOKUP($B$2,Summary!$V$4:$AA$15,K$1,0),0) -> 0 | L36: =VLOOKUP($A:$A,Data_sheet_YTD!$M:$DZ,VLOOKUP($B$2,Summary!$V$4:$AA$15,L$1,0),0) -> 1142949.8 | M36: =VLOOKUP($A:$A,Data_sheet_YTD!$M:$DZ,VLOOKUP($B$2,Summary!$V$4:$AA$15,M$1,0),0) -> 1308772.3 | N36: =VLOOKUP($A:$A,Data_sheet_YTD!$M:$DZ,VLOOKUP($B$2,Summary!$V$4:$AA$15,N$1,0),0) -> 1298360.1 | O36: =N36-M36 -> -10412.24 | P36: =VLOOKUP($A:$A,Data_sheet_YTD!$M:$DZ,VLOOKUP($B$2,Summary!$V$4:$AA$15,P$1,0),0) -> -57560.271 | Q36: =VLOOKUP($A:$A,Data_sheet_YTD!$M:$DZ,VLOOKUP($B$2,Summary!$V$4:$AA$15,Q$1,0),0) -> 47148.031 | R36: -3394.13 | S36: =R36-I36 -> -4863.76 | T36: =O36-P36-Q36 -> -3.2741809e-10
A37: CA132 | B37: =IF(F37>0,"O","X") -> O | C37: =IF(G37>0,"O","X") -> O | D37: =IF(H37>0,"O","X") -> O | E37: OPEN | F37: =VLOOKUP($A:$A,Data_sheet_PTD!$M:$DZ,VLOOKUP($B$2,Summary!$V$4:$AA$15,F$1,0),0) -> 22364.55 | G37: =VLOOKUP($A:$A,Data_sheet_PTD!$M:$DZ,VLOOKUP($B$2,Summary!$V$4:$AA$15,G$1,0),0) -> 25628.82 | H37: =VLOOKUP($A:$A,Data_sheet_PTD!$M:$DZ,VLOOKUP($B$2,Summary!$V$4:$AA$15,H$1,0),0) -> 51471.17 | I37: =H37-G37 -> 25842.35 | J37: =VLOOKUP($A:$A,Data_sheet_PTD!$M:$DZ,VLOOKUP($B$2,Summary!$V$4:$AA$15,J$1,0),0) -> 28155.661 | K37: =VLOOKUP($A:$A,Data_sheet_PTD!$M:$DZ,VLOOKUP($B$2,Summary!$V$4:$AA$15,K$1,0),0) -> -2313.311 | L37: =VLOOKUP($A:$A,Data_sheet_YTD!$M:$DZ,VLOOKUP($B$2,Summary!$V$4:$AA$15,L$1,0),0) -> 466557.44 | M37: =VLOOKUP($A:$A,Data_sheet_YTD!$M:$DZ,VLOOKUP($B$2,Summary!$V$4:$AA$15,M$1,0),0) -> 553977.37 | N37: =VLOOKUP($A:$A,Data_sheet_YTD!$M:$DZ,VLOOKUP($B$2,Summary!$V$4:$AA$15,N$1,0),0) -> 809429.97 | O37: =N37-M37 -> 255452.6 | P37: =VLOOKUP($A:$A,Data_sheet_YTD!$M:$DZ,VLOOKUP($B$2,Summary!$V$4:$AA$15,P$1,0),0) -> 266127.87 | Q37: =VLOOKUP($A:$A,Data_sheet_YTD!$M:$DZ,VLOOKUP($B$2,Summary!$V$4:$AA$15,Q$1,0),0) -> -10675.268 | R37: 49303.85 | S37: =R37-I37 -> 23461.5 | T37: =O37-P37-Q37 -> 1.7280399e-10
A38: CA133 | B38: =IF(F38>0,"O","X") -> O | C38: =IF(G38>0,"O","X") -> O | D38: =IF(H38>0,"O","X") -> O | E38: OPEN | F38: =VLOOKUP($A:$A,Data_sheet_PTD!$M:$DZ,VLOOKUP($B$2,Summary!$V$4:$AA$15,F$1,0),0) -> 96821.11 | G38: =VLOOKUP($A:$A,Data_sheet_PTD!$M:$DZ,VLOOKUP($B$2,Summary!$V$4:$AA$15,G$1,0),0) -> 101498.43 | H38: =VLOOKUP($A:$A,Data_sheet_PTD!$M:$DZ,VLOOKUP($B$2,Summary!$V$4:$AA$15,H$1,0),0) -> 117350.61 | I38: =H38-G38 -> 15852.18 | J38: =VLOOKUP($A:$A,Data_sheet_PTD!$M:$DZ,VLOOKUP($B$2,Summary!$V$4:$AA$15,J$1,0),0) -> 15852.18 | K38: =VLOOKUP($A:$A,Data_sheet_PTD!$M:$DZ,VLOOKUP($B$2,Summary!$V$4:$AA$15,K$1,0),0) -> 0 | L38: =VLOOKUP($A:$A,Data_sheet_YTD!$M:$DZ,VLOOKUP($B$2,Summary!$V$4:$AA$15,L$1,0),0) -> 1478942.3 | M38: =VLOOKUP($A:$A,Data_sheet_YTD!$M:$DZ,VLOOKUP($B$2,Summary!$V$4:$AA$15,M$1,0),0) -> 1709611.3 | N38: =VLOOKUP($A:$A,Data_sheet_YTD!$M:$DZ,VLOOKUP($B$2,Summary!$V$4:$AA$15,N$1,0),0) -> 1759125.2 | O38: =N38-M38 -> 49513.86 | P38: =VLOOKUP($A:$A,Data_sheet_YTD!$M:$DZ,VLOOKUP($B$2,Summary!$V$4:$AA$15,P$1,0),0) -> 38784.954 | Q38: =VLOOKUP($A:$A,Data_sheet_YTD!$M:$DZ,VLOOKUP($B$2,Summary!$V$4:$AA$15,Q$1,0),0) -> 10728.906 | R38: 5444.91 | S38: =R38-I38 -> -10407.27 | T38: =O38-P38-Q38 -> 9.094947e-11
A39: CA134 | B39: =IF(F39>0,"O","X") -> X | C39: =IF(G39>0,"O","X") -> X | D39: =IF(H39>0,"O","X") -> X | E39: CLOSED | F39: =VLOOKUP($A:$A,Data_sheet_PTD!$M:$DZ,VLOOKUP($B$2,Summary!$V$4:$AA$15,F$1,0),0) -> 0 | G39: =VLOOKUP($A:$A,Data_sheet_PTD!$M:$DZ,VLOOKUP($B$2,Summary!$V$4:$AA$15,G$1,0),0) -> 0 | H39: =VLOOKUP($A:$A,Data_sheet_PTD!$M:$DZ,VLOOKUP($B$2,Summary!$V$4:$AA$15,H$1,0),0) -> 0 | I39: =H39-G39 -> 0 | J39: =VLOOKUP($A:$A,Data_sheet_PTD!$M:$DZ,VLOOKUP($B$2,Summary!$V$4:$AA$15,J$1,0),0) -> 0 | K39: =VLOOKUP($A:$A,Data_sheet_PTD!$M:$DZ,VLOOKUP($B$2,Summary!$V$4:$AA$15,K$1,0),0) -> 0 | L39: =VLOOKUP($A:$A,Data_sheet_YTD!$M:$DZ,VLOOKUP($B$2,Summary!$V$4:$AA$15,L$1,0),0) -> 0 | M39: =VLOOKUP($A:$A,Data_sheet_YTD!$M:$DZ,VLOOKUP($B$2,Summary!$V$4:$AA$15,M$1,0),0) -> 0 | N39: =VLOOKUP($A:$A,Data_sheet_YTD!$M:$DZ,VLOOKUP($B$2,Summary!$V$4:$AA$15,N$1,0),0) -> 0 | O39: =N39-M39 -> 0 | P39: =VLOOKUP($A:$A,Data_sheet_YTD!$M:$DZ,VLOOKUP($B$2,Summary!$V$4:$AA$15,P$1,0),0) -> 0 | Q39: =VLOOKUP($A:$A,Data_sheet_YTD!$M:$DZ,VLOOKUP($B$2,Summary!$V$4:$AA$15,Q$1,0),0) -> 0 | R39: 0 | S39: =R39-I39 -> 0 | T39: =O39-P39-Q39 -> 0
A40: CA136 | B40: =IF(F40>0,"O","X") -> O | C40: =IF(G40>0,"O","X") -> O | D40: =IF(H40>0,"O","X") -> O | E40: OPEN | F40: =VLOOKUP($A:$A,Data_sheet_PTD!$M:$DZ,VLOOKUP($B$2,Summary!$V$4:$AA$15,F$1,0),0) -> 51511.44 | G40: =VLOOKUP($A:$A,Data_sheet_PTD!$M:$DZ,VLOOKUP($B$2,Summary!$V$4:$AA$15,G$1,0),0) -> 65551.08 | H40: =VLOOKUP($A:$A,Data_sheet_PTD!$M:$DZ,VLOOKUP($B$2,Summary!$V$4:$AA$15,H$1,0),0) -> 60800.43 | I40: =H40-G40 -> -4750.65 | J40: =VLOOKUP($A:$A,Data_sheet_PTD!$M:$DZ,VLOOKUP($B$2,Summary!$V$4:$AA$15,J$1,0),0) -> -7680.7912 | K40: =VLOOKUP($A:$A,Data_sheet_PTD!$M:$DZ,VLOOKUP($B$2,Summary!$V$4:$AA$15,K$1,0),0) -> 2930.1412 | L40: =VLOOKUP($A:$A,Data_sheet_YTD!$M:$DZ,VLOOKUP($B$2,Summary!$V$4:$AA$15,L$1,0),0) -> 1049279.6 | M40: =VLOOKUP($A:$A,Data_sheet_YTD!$M:$DZ,VLOOKUP($B$2,Summary!$V$4:$AA$15,M$1,0),0) -> 1342496.8 | N40: =VLOOKUP($A:$A,Data_sheet_YTD!$M:$DZ,VLOOKUP($B$2,Summary!$V$4:$AA$15,N$1,0),0) -> 1378190.1 | O40: =N40-M40 -> 35693.33 | P40: =VLOOKUP($A:$A,Data_sheet_YTD!$M:$DZ,VLOOKUP($B$2,Summary!$V$4:$AA$15,P$1,0),0) -> -30636.225 | Q40: =VLOOKUP($A:$A,Data_sheet_YTD!$M:$DZ,VLOOKUP($B$2,Summary!$V$4:$AA$15,Q$1,0),0) -> 66329.555 | R40: 24926.91 | S40: =R40-I40 -> 29677.56 | T40: =O40-P40-Q40 -> 0
A41: CA137 | B41: =IF(F41>0,"O","X") -> O | C41: =IF(G41>0,"O","X") -> O | D41: =IF(H41>0,"O","X") -> O | E41: OPEN | F41: =VLOOKUP($A:$A,Data_sheet_PTD!$M:$DZ,VLOOKUP($B$2,Summary!$V$4:$AA$15,F$1,0),0) -> 47324.45 | G41: =VLOOKUP($A:$A,Data_sheet_PTD!$M:$DZ,VLOOKUP($B$2,Summary!$V$4:$AA$15,G$1,0),0) -> 55266.29 | H41: =VLOOKUP($A:$A,Data_sheet_PTD!$M:$DZ,VLOOKUP($B$2,Summary!$V$4:$AA$15,H$1,0),0) -> 58531.17 | I41: =H41-G41 -> 3264.88 | J41: =VLOOKUP($A:$A,Data_sheet_PTD!$M:$DZ,VLOOKUP($B$2,Summary!$V$4:$AA$15,J$1,0),0) -> 2006.1452 | K41: =VLOOKUP($A:$A,Data_sheet_PTD!$M:$DZ,VLOOKUP($B$2,Summary!$V$4:$AA$15,K$1,0),0) -> 1258.7348 | L41: =VLOOKUP($A:$A,Data_sheet_YTD!$M:$DZ,VLOOKUP($B$2,Summary!$V$4:$AA$15,L$1,0),0) -> 815712.93 | M41: =VLOOKUP($A:$A,Data_sheet_YTD!$M:$DZ,VLOOKUP($B$2,Summary!$V$4:$AA$15,M$1,0),0) -> 946831.16 | N41: =VLOOKUP($A:$A,Data_sheet_YTD!$M:$DZ,VLOOKUP($B$2,Summary!$V$4:$AA$15,N$1,0),0) -> 966811.43 | O41: =N41-M41 -> 19980.27 | P41: =VLOOKUP($A:$A,Data_sheet_YTD!$M:$DZ,VLOOKUP($B$2,Summary!$V$4:$AA$15,P$1,0),0) -> -13259.602 | Q41: =VLOOKUP($A:$A,Data_sheet_YTD!$M:$DZ,VLOOKUP($B$2,Summary!$V$4:$AA$15,Q$1,0),0) -> 33239.872 | R41: 3928.72 | S41: =R41-I41 -> 663.84 | T41: =O41-P41-Q41 -> 0
A42: CA140 | B42: =IF(F42>0,"O","X") -> X | C42: =IF(G42>0,"O","X") -> X | D42: =IF(H42>0,"O","X") -> X | E42: CLOSED | F42: =VLOOKUP($A:$A,Data_sheet_PTD!$M:$DZ,VLOOKUP($B$2,Summary!$V$4:$AA$15,F$1,0),0) -> 0 | G42: =VLOOKUP($A:$A,Data_sheet_PTD!$M:$DZ,VLOOKUP($B$2,Summary!$V$4:$AA$15,G$1,0),0) -> 0 | H42: =VLOOKUP($A:$A,Data_sheet_PTD!$M:$DZ,VLOOKUP($B$2,Summary!$V$4:$AA$15,H$1,0),0) -> 0 | I42: =H42-G42 -> 0 | J42: =VLOOKUP($A:$A,Data_sheet_PTD!$M:$DZ,VLOOKUP($B$2,Summary!$V$4:$AA$15,J$1,0),0) -> 0 | K42: =VLOOKUP($A:$A,Data_sheet_PTD!$M:$DZ,VLOOKUP($B$2,Summary!$V$4:$AA$15,K$1,0),0) -> 0 | L42: =VLOOKUP($A:$A,Data_sheet_YTD!$M:$DZ,VLOOKUP($B$2,Summary!$V$4:$AA$15,L$1,0),0) -> 0 | M42: =VLOOKUP($A:$A,Data_sheet_YTD!$M:$DZ,VLOOKUP($B$2,Summary!$V$4:$AA$15,M$1,0),0) -> 0 | N42: =VLOOKUP($A:$A,Data_sheet_YTD!$M:$DZ,VLOOKUP($B$2,Summary!$V$4:$AA$15,N$1,0),0) -> 0 | O42: =N42-M42 -> 0 | P42: =VLOOKUP($A:$A,Data_sheet_YTD!$M:$DZ,VLOOKUP($B$2,Summary!$V$4:$AA$15,P$1,0),0) -> 0 | Q42: =VLOOKUP($A:$A,Data_sheet_YTD!$M:$DZ,VLOOKUP($B$2,Summary!$V$4:$AA$15,Q$1,0),0) -> 0 | R42: 0 | S42: =R42-I42 -> 0 | T42: =O42-P42-Q42 -> 0
A43: CA141 | B43: =IF(F43>0,"O","X") -> O | C43: =IF(G43>0,"O","X") -> O | D43: =IF(H43>0,"O","X") -> O | E43: OPEN | F43: =VLOOKUP($A:$A,Data_sheet_PTD!$M:$DZ,VLOOKUP($B$2,Summary!$V$4:$AA$15,F$1,0),0) -> 28093.56 | G43: =VLOOKUP($A:$A,Data_sheet_PTD!$M:$DZ,VLOOKUP($B$2,Summary!$V$4:$AA$15,G$1,0),0) -> 41122.03 | H43: =VLOOKUP($A:$A,Data_sheet_PTD!$M:$DZ,VLOOKUP($B$2,Summary!$V$4:$AA$15,H$1,0),0) -> 52060.94 | I43: =H43-G43 -> 10938.91 | J43: =VLOOKUP($A:$A,Data_sheet_PTD!$M:$DZ,VLOOKUP($B$2,Summary!$V$4:$AA$15,J$1,0),0) -> 5089.3662 | K43: =VLOOKUP($A:$A,Data_sheet_PTD!$M:$DZ,VLOOKUP($B$2,Summary!$V$4:$AA$15,K$1,0),0) -> 5849.5438 | L43: =VLOOKUP($A:$A,Data_sheet_YTD!$M:$DZ,VLOOKUP($B$2,Summary!$V$4:$AA$15,L$1,0),0) -> 661044.75 | M43: =VLOOKUP($A:$A,Data_sheet_YTD!$M:$DZ,VLOOKUP($B$2,Summary!$V$4:$AA$15,M$1,0),0) -> 802302.07 | N43: =VLOOKUP($A:$A,Data_sheet_YTD!$M:$DZ,VLOOKUP($B$2,Summary!$V$4:$AA$15,N$1,0),0) -> 956195.16 | O43: =N43-M43 -> 153893.09 | P43: =VLOOKUP($A:$A,Data_sheet_YTD!$M:$DZ,VLOOKUP($B$2,Summary!$V$4:$AA$15,P$1,0),0) -> 63950.417 | Q43: =VLOOKUP($A:$A,Data_sheet_YTD!$M:$DZ,VLOOKUP($B$2,Summary!$V$4:$AA$15,Q$1,0),0) -> 89942.673 | R43: 15898.23 | S43: =R43-I43 -> 4959.32 | T43: =O43-P43-Q43 -> 0
A44: CA142 | B44: =IF(F44>0,"O","X") -> O | C44: =IF(G44>0,"O","X") -> O | D44: =IF(H44>0,"O","X") -> O | E44: OPEN | F44: =VLOOKUP($A:$A,Data_sheet_PTD!$M:$DZ,VLOOKUP($B$2,Summary!$V$4:$AA$15,F$1,0),0) -> 37470.61 | G44: =VLOOKUP($A:$A,Data_sheet_PTD!$M:$DZ,VLOOKUP($B$2,Summary!$V$4:$AA$15,G$1,0),0) -> 35330.64 | H44: =VLOOKUP($A:$A,Data_sheet_PTD!$M:$DZ,VLOOKUP($B$2,Summary!$V$4:$AA$15,H$1,0),0) -> 37478.88 | I44: =H44-G44 -> 2148.24 | J44: =VLOOKUP($A:$A,Data_sheet_PTD!$M:$DZ,VLOOKUP($B$2,Summary!$V$4:$AA$15,J$1,0),0) -> -779.7975 | K44: =VLOOKUP($A:$A,Data_sheet_PTD!$M:$DZ,VLOOKUP($B$2,Summary!$V$4:$AA$15,K$1,0),0) -> 2928.0375 | L44: =VLOOKUP($A:$A,Data_sheet_YTD!$M:$DZ,VLOOKUP($B$2,Summary!$V$4:$AA$15,L$1,0),0) -> 647957.52 | M44: =VLOOKUP($A:$A,Data_sheet_YTD!$M:$DZ,VLOOKUP($B$2,Summary!$V$4:$AA$15,M$1,0),0) -> 639496.98 | N44: =VLOOKUP($A:$A,Data_sheet_YTD!$M:$DZ,VLOOKUP($B$2,Summary!$V$4:$AA$15,N$1,0),0) -> 587388.97 | O44: =N44-M44 -> -52108.01 | P44: =VLOOKUP($A:$A,Data_sheet_YTD!$M:$DZ,VLOOKUP($B$2,Summary!$V$4:$AA$15,P$1,0),0) -> -71116.789 | Q44: =VLOOKUP($A:$A,Data_sheet_YTD!$M:$DZ,VLOOKUP($B$2,Summary!$V$4:$AA$15,Q$1,0),0) -> 19008.779 | R44: 600.9 | S44: =R44-I44 -> -1547.34 | T44: =O44-P44-Q44 -> -3.6379788e-11
A45: CA144 | B45: =IF(F45>0,"O","X") -> X | C45: =IF(G45>0,"O","X") -> X | D45: =IF(H45>0,"O","X") -> X | E45: CLOSED | F45: =VLOOKUP($A:$A,Data_sheet_PTD!$M:$DZ,VLOOKUP($B$2,Summary!$V$4:$AA$15,F$1,0),0) -> 0 | G45: =VLOOKUP($A:$A,Data_sheet_PTD!$M:$DZ,VLOOKUP($B$2,Summary!$V$4:$AA$15,G$1,0),0) -> 0 | H45: =VLOOKUP($A:$A,Data_sheet_PTD!$M:$DZ,VLOOKUP($B$2,Summary!$V$4:$AA$15,H$1,0),0) -> 0 | I45: =H45-G45 -> 0 | J45: =VLOOKUP($A:$A,Data_sheet_PTD!$M:$DZ,VLOOKUP($B$2,Summary!$V$4:$AA$15,J$1,0),0) -> 0 | K45: =VLOOKUP($A:$A,Data_sheet_PTD!$M:$DZ,VLOOKUP($B$2,Summary!$V$4:$AA$15,K$1,0),0) -> 0 | L45: =VLOOKUP($A:$A,Data_sheet_YTD!$M:$DZ,VLOOKUP($B$2,Summary!$V$4:$AA$15,L$1,0),0) -> 191.72 | M45: =VLOOKUP($A:$A,Data_sheet_YTD!$M:$DZ,VLOOKUP($B$2,Summary!$V$4:$AA$15,M$1,0),0) -> 0 | N45: =VLOOKUP($A:$A,Data_sheet_YTD!$M:$DZ,VLOOKUP($B$2,Summary!$V$4:$AA$15,N$1,0),0) -> 0 | O45: =N45-M45 -> 0 | P45: =VLOOKUP($A:$A,Data_sheet_YTD!$M:$DZ,VLOOKUP($B$2,Summary!$V$4:$AA$15,P$1,0),0) -> 0 | Q45: =VLOOKUP($A:$A,Data_sheet_YTD!$M:$DZ,VLOOKUP($B$2,Summary!$V$4:$AA$15,Q$1,0),0) -> 0 | R45: 0 | S45: =R45-I45 -> 0 | T45: =O45-P45-Q45 -> 0
... A129: CA242 | B129: =IF(F129>0,"O","X") -> O | C129: =IF(G129>0,"O","X") -> O | D129: =IF(H129>0,"O","X") -> O | E129: OPEN | F129: =VLOOKUP($A:$A,Data_sheet_PTD!$M:$DZ,VLOOKUP($B$2,Summary!$V$4:$AA$15,F$1,0),0) -> 43550.7 | G129: =VLOOKUP($A:$A,Data_sheet_PTD!$M:$DZ,VLOOKUP($B$2,Summary!$V$4:$AA$15,G$1,0),0) -> 74207.94 | H129: =VLOOKUP($A:$A,Data_sheet_PTD!$M:$DZ,VLOOKUP($B$2,Summary!$V$4:$AA$15,H$1,0),0) -> 74351.67 | I129: =H129-G129 -> 143.73 | J129: =VLOOKUP($A:$A,Data_sheet_PTD!$M:$DZ,VLOOKUP($B$2,Summary!$V$4:$AA$15,J$1,0),0) -> 143.73 | K129: =VLOOKUP($A:$A,Data_sheet_PTD!$M:$DZ,VLOOKUP($B$2,Summary!$V$4:$AA$15,K$1,0),0) -> 0 | L129: =VLOOKUP($A:$A,Data_sheet_YTD!$M:$DZ,VLOOKUP($B$2,Summary!$V$4:$AA$15,L$1,0),0) -> 914124.29 | M129: =VLOOKUP($A:$A,Data_sheet_YTD!$M:$DZ,VLOOKUP($B$2,Summary!$V$4:$AA$15,M$1,0),0) -> 1289505.1 | N129: =VLOOKUP($A:$A,Data_sheet_YTD!$M:$DZ,VLOOKUP($B$2,Summary!$V$4:$AA$15,N$1,0),0) -> 1353241.3 | O129: =N129-M129 -> 63736.17 | P129: =VLOOKUP($A:$A,Data_sheet_YTD!$M:$DZ,VLOOKUP($B$2,Summary!$V$4:$AA$15,P$1,0),0) -> 34816.427 | Q129: =VLOOKUP($A:$A,Data_sheet_YTD!$M:$DZ,VLOOKUP($B$2,Summary!$V$4:$AA$15,Q$1,0),0) -> 28919.743 | R129: 21892.93 | S129: =R129-I129 -> 21749.2 | T129: =O129-P129-Q129 -> -2.0008883e-10
A130: CA243 | B130: =IF(F130>0,"O","X") -> O | C130: O | D130: =IF(H130>0,"O","X") -> O | E130: OPEN | F130: =VLOOKUP($A:$A,Data_sheet_PTD!$M:$DZ,VLOOKUP($B$2,Summary!$V$4:$AA$15,F$1,0),0) -> 23029.87 | G130: =VLOOKUP($A:$A,Data_sheet_PTD!$M:$DZ,VLOOKUP($B$2,Summary!$V$4:$AA$15,G$1,0),0) -> 39010.23 | H130: =VLOOKUP($A:$A,Data_sheet_PTD!$M:$DZ,VLOOKUP($B$2,Summary!$V$4:$AA$15,H$1,0),0) -> 50456.85 | I130: =H130-G130 -> 11446.62 | J130: =VLOOKUP($A:$A,Data_sheet_PTD!$M:$DZ,VLOOKUP($B$2,Summary!$V$4:$AA$15,J$1,0),0) -> 7355.5241 | K130: =VLOOKUP($A:$A,Data_sheet_PTD!$M:$DZ,VLOOKUP($B$2,Summary!$V$4:$AA$15,K$1,0),0) -> 4091.0959 | L130: =VLOOKUP($A:$A,Data_sheet_YTD!$M:$DZ,VLOOKUP($B$2,Summary!$V$4:$AA$15,L$1,0),0) -> 400840 | M130: =VLOOKUP($A:$A,Data_sheet_YTD!$M:$DZ,VLOOKUP($B$2,Summary!$V$4:$AA$15,M$1,0),0) -> 594275.42 | N130: =VLOOKUP($A:$A,Data_sheet_YTD!$M:$DZ,VLOOKUP($B$2,Summary!$V$4:$AA$15,N$1,0),0) -> 755243.49 | O130: =N130-M130 -> 160968.07 | P130: =VLOOKUP($A:$A,Data_sheet_YTD!$M:$DZ,VLOOKUP($B$2,Summary!$V$4:$AA$15,P$1,0),0) -> 114182.74 | Q130: =VLOOKUP($A:$A,Data_sheet_YTD!$M:$DZ,VLOOKUP($B$2,Summary!$V$4:$AA$15,Q$1,0),0) -> 46785.332 | R130: 15813.81 | S130: =R130-I130 -> 4367.19 | T130: =O130-P130-Q130 -> 0
A131: CA244 | B131: =IF(F131>0,"O","X") -> O | C131: O | D131: O | E131: OPEN | F131: =VLOOKUP($A:$A,Data_sheet_PTD!$M:$DZ,VLOOKUP($B$2,Summary!$V$4:$AA$15,F$1,0),0) -> 26410.16 | G131: =VLOOKUP($A:$A,Data_sheet_PTD!$M:$DZ,VLOOKUP($B$2,Summary!$V$4:$AA$15,G$1,0),0) -> 25217.67 | H131: =VLOOKUP($A:$A,Data_sheet_PTD!$M:$DZ,VLOOKUP($B$2,Summary!$V$4:$AA$15,H$1,0),0) -> 27537.18 | I131: =H131-G131 -> 2319.51 | J131: =VLOOKUP($A:$A,Data_sheet_PTD!$M:$DZ,VLOOKUP($B$2,Summary!$V$4:$AA$15,J$1,0),0) -> 2319.51 | K131: =VLOOKUP($A:$A,Data_sheet_PTD!$M:$DZ,VLOOKUP($B$2,Summary!$V$4:$AA$15,K$1,0),0) -> 0 | L131: =VLOOKUP($A:$A,Data_sheet_YTD!$M:$DZ,VLOOKUP($B$2,Summary!$V$4:$AA$15,L$1,0),0) -> 203686.83 | M131: =VLOOKUP($A:$A,Data_sheet_YTD!$M:$DZ,VLOOKUP($B$2,Summary!$V$4:$AA$15,M$1,0),0) -> 447544.49 | N131: =VLOOKUP($A:$A,Data_sheet_YTD!$M:$DZ,VLOOKUP($B$2,Summary!$V$4:$AA$15,N$1,0),0) -> 476421.26 | O131: =N131-M131 -> 28876.77 | P131: =VLOOKUP($A:$A,Data_sheet_YTD!$M:$DZ,VLOOKUP($B$2,Summary!$V$4:$AA$15,P$1,0),0) -> 24558.022 | Q131: =VLOOKUP($A:$A,Data_sheet_YTD!$M:$DZ,VLOOKUP($B$2,Summary!$V$4:$AA$15,Q$1,0),0) -> 4318.7475 | R131: 13419.85 | S131: =R131-I131 -> 11100.34 | T131: =O131-P131-Q131 -> 2.3646862e-11
A132: CA245 | B132: =IF(F132>0,"O","X") -> O | C132: =IF(G132>0,"O","X") -> O | D132: =IF(H132>0,"O","X") -> O | E132: OPEN | F132: =VLOOKUP($A:$A,Data_sheet_PTD!$M:$DZ,VLOOKUP($B$2,Summary!$V$4:$AA$15,F$1,0),0) -> 43679.76 | G132: =VLOOKUP($A:$A,Data_sheet_PTD!$M:$DZ,VLOOKUP($B$2,Summary!$V$4:$AA$15,G$1,0),0) -> 43194.65 | H132: =VLOOKUP($A:$A,Data_sheet_PTD!$M:$DZ,VLOOKUP($B$2,Summary!$V$4:$AA$15,H$1,0),0) -> 61601.15 | I132: =H132-G132 -> 18406.5 | J132: =VLOOKUP($A:$A,Data_sheet_PTD!$M:$DZ,VLOOKUP($B$2,Summary!$V$4:$AA$15,J$1,0),0) -> 1847.0511 | K132: =VLOOKUP($A:$A,Data_sheet_PTD!$M:$DZ,VLOOKUP($B$2,Summary!$V$4:$AA$15,K$1,0),0) -> 16559.449 | L132: =VLOOKUP($A:$A,Data_sheet_YTD!$M:$DZ,VLOOKUP($B$2,Summary!$V$4:$AA$15,L$1,0),0) -> 706090.43 | M132: =VLOOKUP($A:$A,Data_sheet_YTD!$M:$DZ,VLOOKUP($B$2,Summary!$V$4:$AA$15,M$1,0),0) -> 824674.41 | N132: =VLOOKUP($A:$A,Data_sheet_YTD!$M:$DZ,VLOOKUP($B$2,Summary!$V$4:$AA$15,N$1,0),0) -> 925499.87 | O132: =N132-M132 -> 100825.46 | P132: =VLOOKUP($A:$A,Data_sheet_YTD!$M:$DZ,VLOOKUP($B$2,Summary!$V$4:$AA$15,P$1,0),0) -> -39835.158 | Q132: =VLOOKUP($A:$A,Data_sheet_YTD!$M:$DZ,VLOOKUP($B$2,Summary!$V$4:$AA$15,Q$1,0),0) -> 140660.62 | R132: 38755.99 | S132: =R132-I132 -> 20349.49 | T132: =O132-P132-Q132 -> 0
A133: CA247 | B133: =IF(F133>0,"O","X") -> O | C133: =IF(G133>0,"O","X") -> O | D133: =IF(H133>0,"O","X") -> O | E133: OPEN | F133: =VLOOKUP($A:$A,Data_sheet_PTD!$M:$DZ,VLOOKUP($B$2,Summary!$V$4:$AA$15,F$1,0),0) -> 60532.6 | G133: =VLOOKUP($A:$A,Data_sheet_PTD!$M:$DZ,VLOOKUP($B$2,Summary!$V$4:$AA$15,G$1,0),0) -> 69302.99 | H133: =VLOOKUP($A:$A,Data_sheet_PTD!$M:$DZ,VLOOKUP($B$2,Summary!$V$4:$AA$15,H$1,0),0) -> 72622 | I133: =H133-G133 -> 3319.01 | J133: =VLOOKUP($A:$A,Data_sheet_PTD!$M:$DZ,VLOOKUP($B$2,Summary!$V$4:$AA$15,J$1,0),0) -> 1382.4233 | K133: =VLOOKUP($A:$A,Data_sheet_PTD!$M:$DZ,VLOOKUP($B$2,Summary!$V$4:$AA$15,K$1,0),0) -> 1936.5867 | L133: =VLOOKUP($A:$A,Data_sheet_YTD!$M:$DZ,VLOOKUP($B$2,Summary!$V$4:$AA$15,L$1,0),0) -> 1032885.8 | M133: =VLOOKUP($A:$A,Data_sheet_YTD!$M:$DZ,VLOOKUP($B$2,Summary!$V$4:$AA$15,M$1,0),0) -> 1244002 | N133: =VLOOKUP($A:$A,Data_sheet_YTD!$M:$DZ,VLOOKUP($B$2,Summary!$V$4:$AA$15,N$1,0),0) -> 1287168.9 | O133: =N133-M133 -> 43166.83 | P133: =VLOOKUP($A:$A,Data_sheet_YTD!$M:$DZ,VLOOKUP($B$2,Summary!$V$4:$AA$15,P$1,0),0) -> -543.68707 | Q133: =VLOOKUP($A:$A,Data_sheet_YTD!$M:$DZ,VLOOKUP($B$2,Summary!$V$4:$AA$15,Q$1,0),0) -> 43710.517 | R133: 16484.33 | S133: =R133-I133 -> 13165.32 | T133: =O133-P133-Q133 -> 7.2759576e-11
A134: CA248 | B134: =IF(F134>0,"O","X") -> O | C134: =IF(G134>0,"O","X") -> O | D134: =IF(H134>0,"O","X") -> O | E134: OPEN | F134: =VLOOKUP($A:$A,Data_sheet_PTD!$M:$DZ,VLOOKUP($B$2,Summary!$V$4:$AA$15,F$1,0),0) -> 41718.28 | G134: =VLOOKUP($A:$A,Data_sheet_PTD!$M:$DZ,VLOOKUP($B$2,Summary!$V$4:$AA$15,G$1,0),0) -> 53700.29 | H134: =VLOOKUP($A:$A,Data_sheet_PTD!$M:$DZ,VLOOKUP($B$2,Summary!$V$4:$AA$15,H$1,0),0) -> 50142.82 | I134: =H134-G134 -> -3557.47 | J134: =VLOOKUP($A:$A,Data_sheet_PTD!$M:$DZ,VLOOKUP($B$2,Summary!$V$4:$AA$15,J$1,0),0) -> -7096.9632 | K134: =VLOOKUP($A:$A,Data_sheet_PTD!$M:$DZ,VLOOKUP($B$2,Summary!$V$4:$AA$15,K$1,0),0) -> 3539.4932 | L134: =VLOOKUP($A:$A,Data_sheet_YTD!$M:$DZ,VLOOKUP($B$2,Summary!$V$4:$AA$15,L$1,0),0) -> 712248.95 | M134: =VLOOKUP($A:$A,Data_sheet_YTD!$M:$DZ,VLOOKUP($B$2,Summary!$V$4:$AA$15,M$1,0),0) -> 944185.33 | N134: =VLOOKUP($A:$A,Data_sheet_YTD!$M:$DZ,VLOOKUP($B$2,Summary!$V$4:$AA$15,N$1,0),0) -> 1038142.4 | O134: =N134-M134 -> 93957.03 | P134: =VLOOKUP($A:$A,Data_sheet_YTD!$M:$DZ,VLOOKUP($B$2,Summary!$V$4:$AA$15,P$1,0),0) -> 19115.583 | Q134: =VLOOKUP($A:$A,Data_sheet_YTD!$M:$DZ,VLOOKUP($B$2,Summary!$V$4:$AA$15,Q$1,0),0) -> 74841.447 | R134: 18074.52 | S134: =R134-I134 -> 21631.99 | T134: =O134-P134-Q134 -> 2.910383e-10
A135: CA249 | B135: =IF(F135>0,"O","X") -> X | C135: =IF(G135>0,"O","X") -> X | D135: =IF(H135>0,"O","X") -> X | E135: CLOSED | F135: =VLOOKUP($A:$A,Data_sheet_PTD!$M:$DZ,VLOOKUP($B$2,Summary!$V$4:$AA$15,F$1,0),0) -> 0 | G135: =VLOOKUP($A:$A,Data_sheet_PTD!$M:$DZ,VLOOKUP($B$2,Summary!$V$4:$AA$15,G$1,0),0) -> 0 | H135: =VLOOKUP($A:$A,Data_sheet_PTD!$M:$DZ,VLOOKUP($B$2,Summary!$V$4:$AA$15,H$1,0),0) -> 0 | I135: =H135-G135 -> 0 | J135: =VLOOKUP($A:$A,Data_sheet_PTD!$M:$DZ,VLOOKUP($B$2,Summary!$V$4:$AA$15,J$1,0),0) -> 0 | K135: =VLOOKUP($A:$A,Data_sheet_PTD!$M:$DZ,VLOOKUP($B$2,Summary!$V$4:$AA$15,K$1,0),0) -> 0 | L135: =VLOOKUP($A:$A,Data_sheet_YTD!$M:$DZ,VLOOKUP($B$2,Summary!$V$4:$AA$15,L$1,0),0) -> 412105.35 | M135: =VLOOKUP($A:$A,Data_sheet_YTD!$M:$DZ,VLOOKUP($B$2,Summary!$V$4:$AA$15,M$1,0),0) -> 0 | N135: =VLOOKUP($A:$A,Data_sheet_YTD!$M:$DZ,VLOOKUP($B$2,Summary!$V$4:$AA$15,N$1,0),0) -> 0 | O135: =N135-M135 -> 0 | P135: =VLOOKUP($A:$A,Data_sheet_YTD!$M:$DZ,VLOOKUP($B$2,Summary!$V$4:$AA$15,P$1,0),0) -> 0 | Q135: =VLOOKUP($A:$A,Data_sheet_YTD!$M:$DZ,VLOOKUP($B$2,Summary!$V$4:$AA$15,Q$1,0),0) -> 0 | R135: 0 | S135: =R135-I135 -> 0 | T135: =O135-P135-Q135 -> 0
A136: CA250 | B136: =IF(F136>0,"O","X") -> O | C136: =IF(G136>0,"O","X") -> O | D136: =IF(H136>0,"O","X") -> O | E136: OPEN | F136: =VLOOKUP($A:$A,Data_sheet_PTD!$M:$DZ,VLOOKUP($B$2,Summary!$V$4:$AA$15,F$1,0),0) -> 37265.34 | G136: =VLOOKUP($A:$A,Data_sheet_PTD!$M:$DZ,VLOOKUP($B$2,Summary!$V$4:$AA$15,G$1,0),0) -> 43413.53 | H136: =VLOOKUP($A:$A,Data_sheet_PTD!$M:$DZ,VLOOKUP($B$2,Summary!$V$4:$AA$15,H$1,0),0) -> 41485.8 | I136: =H136-G136 -> -1927.73 | J136: =VLOOKUP($A:$A,Data_sheet_PTD!$M:$DZ,VLOOKUP($B$2,Summary!$V$4:$AA$15,J$1,0),0) -> -2978.0034 | K136: =VLOOKUP($A:$A,Data_sheet_PTD!$M:$DZ,VLOOKUP($B$2,Summary!$V$4:$AA$15,K$1,0),0) -> 1050.2734 | L136: =VLOOKUP($A:$A,Data_sheet_YTD!$M:$DZ,VLOOKUP($B$2,Summary!$V$4:$AA$15,L$1,0),0) -> 710263.42 | M136: =VLOOKUP($A:$A,Data_sheet_YTD!$M:$DZ,VLOOKUP($B$2,Summary!$V$4:$AA$15,M$1,0),0) -> 794599.91 | N136: =VLOOKUP($A:$A,Data_sheet_YTD!$M:$DZ,VLOOKUP($B$2,Summary!$V$4:$AA$15,N$1,0),0) -> 787488.91 | O136: =N136-M136 -> -7111 | P136: =VLOOKUP($A:$A,Data_sheet_YTD!$M:$DZ,VLOOKUP($B$2,Summary!$V$4:$AA$15,P$1,0),0) -> -39558.472 | Q136: =VLOOKUP($A:$A,Data_sheet_YTD!$M:$DZ,VLOOKUP($B$2,Summary!$V$4:$AA$15,Q$1,0),0) -> 32447.472 | R136: 7126.31 | S136: =R136-I136 -> 9054.04 | T136: =O136-P136-Q136 -> 9.094947e-11
A137: CA251 | B137: =IF(F137>0,"O","X") -> O | C137: =IF(G137>0,"O","X") -> O | D137: =IF(H137>0,"O","X") -> O | E137: OPEN | F137: =VLOOKUP($A:$A,Data_sheet_PTD!$M:$DZ,VLOOKUP($B$2,Summary!$V$4:$AA$15,F$1,0),0) -> 43612.7 | G137: =VLOOKUP($A:$A,Data_sheet_PTD!$M:$DZ,VLOOKUP($B$2,Summary!$V$4:$AA$15,G$1,0),0) -> 44010.81 | H137: =VLOOKUP($A:$A,Data_sheet_PTD!$M:$DZ,VLOOKUP($B$2,Summary!$V$4:$AA$15,H$1,0),0) -> 56870.76 | I137: =H137-G137 -> 12859.95 | J137: =VLOOKUP($A:$A,Data_sheet_PTD!$M:$DZ,VLOOKUP($B$2,Summary!$V$4:$AA$15,J$1,0),0) -> 12859.95 | K137: =VLOOKUP($A:$A,Data_sheet_PTD!$M:$DZ,VLOOKUP($B$2,Summary!$V$4:$AA$15,K$1,0),0) -> 0 | L137: =VLOOKUP($A:$A,Data_sheet_YTD!$M:$DZ,VLOOKUP($B$2,Summary!$V$4:$AA$15,L$1,0),0) -> 667576.34 | M137: =VLOOKUP($A:$A,Data_sheet_YTD!$M:$DZ,VLOOKUP($B$2,Summary!$V$4:$AA$15,M$1,0),0) -> 918853.59 | N137: =VLOOKUP($A:$A,Data_sheet_YTD!$M:$DZ,VLOOKUP($B$2,Summary!$V$4:$AA$15,N$1,0),0) -> 1042740.1 | O137: =N137-M137 -> 123886.48 | P137: =VLOOKUP($A:$A,Data_sheet_YTD!$M:$DZ,VLOOKUP($B$2,Summary!$V$4:$AA$15,P$1,0),0) -> 97685.892 | Q137: =VLOOKUP($A:$A,Data_sheet_YTD!$M:$DZ,VLOOKUP($B$2,Summary!$V$4:$AA$15,Q$1,0),0) -> 26200.588 | R137: 16561.36 | S137: =R137-I137 -> 3701.41 | T137: =O137-P137-Q137 -> -1.4551915e-10
A138: CA252 | B138: =IF(F138>0,"O","X") -> O | C138: =IF(G138>0,"O","X") -> O | D138: =IF(H138>0,"O","X") -> O | E138: OPEN | F138: =VLOOKUP($A:$A,Data_sheet_PTD!$M:$DZ,VLOOKUP($B$2,Summary!$V$4:$AA$15,F$1,0),0) -> 43388.96 | G138: =VLOOKUP($A:$A,Data_sheet_PTD!$M:$DZ,VLOOKUP($B$2,Summary!$V$4:$AA$15,G$1,0),0) -> 50978.73 | H138: =VLOOKUP($A:$A,Data_sheet_PTD!$M:$DZ,VLOOKUP($B$2,Summary!$V$4:$AA$15,H$1,0),0) -> 51413.41 | I138: =H138-G138 -> 434.68 | J138: =VLOOKUP($A:$A,Data_sheet_PTD!$M:$DZ,VLOOKUP($B$2,Summary!$V$4:$AA$15,J$1,0),0) -> -3520.1977 | K138: =VLOOKUP($A:$A,Data_sheet_PTD!$M:$DZ,VLOOKUP($B$2,Summary!$V$4:$AA$15,K$1,0),0) -> 3954.8777 | L138: =VLOOKUP($A:$A,Data_sheet_YTD!$M:$DZ,VLOOKUP($B$2,Summary!$V$4:$AA$15,L$1,0),0) -> 719324.44 | M138: =VLOOKUP($A:$A,Data_sheet_YTD!$M:$DZ,VLOOKUP($B$2,Summary!$V$4:$AA$15,M$1,0),0) -> 833993.34 | N138: =VLOOKUP($A:$A,Data_sheet_YTD!$M:$DZ,VLOOKUP($B$2,Summary!$V$4:$AA$15,N$1,0),0) -> 891703.93 | O138: =N138-M138 -> 57710.59 | P138: =VLOOKUP($A:$A,Data_sheet_YTD!$M:$DZ,VLOOKUP($B$2,Summary!$V$4:$AA$15,P$1,0),0) -> 36646.304 | Q138: =VLOOKUP($A:$A,Data_sheet_YTD!$M:$DZ,VLOOKUP($B$2,Summary!$V$4:$AA$15,Q$1,0),0) -> 21064.286 | R138: 13789.04 | S138: =R138-I138 -> 13354.36 | T138: =O138-P138-Q138 -> 2.9831426e-10
A139: CA253 | B139: =IF(F139>0,"O","X") -> O | C139: =IF(G139>0,"O","X") -> O | D139: =IF(H139>0,"O","X") -> O | E139: OPEN | F139: =VLOOKUP($A:$A,Data_sheet_PTD!$M:$DZ,VLOOKUP($B$2,Summary!$V$4:$AA$15,F$1,0),0) -> 26220.64 | G139: =VLOOKUP($A:$A,Data_sheet_PTD!$M:$DZ,VLOOKUP($B$2,Summary!$V$4:$AA$15,G$1,0),0) -> 31792.68 | H139: =VLOOKUP($A:$A,Data_sheet_PTD!$M:$DZ,VLOOKUP($B$2,Summary!$V$4:$AA$15,H$1,0),0) -> 31177.55 | I139: =H139-G139 -> -615.13 | J139: =VLOOKUP($A:$A,Data_sheet_PTD!$M:$DZ,VLOOKUP($B$2,Summary!$V$4:$AA$15,J$1,0),0) -> -2117.6625 | K139: =VLOOKUP($A:$A,Data_sheet_PTD!$M:$DZ,VLOOKUP($B$2,Summary!$V$4:$AA$15,K$1,0),0) -> 1502.5325 | L139: =VLOOKUP($A:$A,Data_sheet_YTD!$M:$DZ,VLOOKUP($B$2,Summary!$V$4:$AA$15,L$1,0),0) -> 484129.76 | M139: =VLOOKUP($A:$A,Data_sheet_YTD!$M:$DZ,VLOOKUP($B$2,Summary!$V$4:$AA$15,M$1,0),0) -> 629759.32 | N139: =VLOOKUP($A:$A,Data_sheet_YTD!$M:$DZ,VLOOKUP($B$2,Summary!$V$4:$AA$15,N$1,0),0) -> 619701.94 | O139: =N139-M139 -> -10057.38 | P139: =VLOOKUP($A:$A,Data_sheet_YTD!$M:$DZ,VLOOKUP($B$2,Summary!$V$4:$AA$15,P$1,0),0) -> -70770.844 | Q139: =VLOOKUP($A:$A,Data_sheet_YTD!$M:$DZ,VLOOKUP($B$2,Summary!$V$4:$AA$15,Q$1,0),0) -> 60713.464 | R139: 7301.41 | S139: =R139-I139 -> 7916.54 | T139: =O139-P139-Q139 -> 1.0913936e-10
A140: CA254 | B140: =IF(F140>0,"O","X") -> O | C140: =IF(G140>0,"O","X") -> O | D140: =IF(H140>0,"O","X") -> O | E140: OPEN | F140: =VLOOKUP($A:$A,Data_sheet_PTD!$M:$DZ,VLOOKUP($B$2,Summary!$V$4:$AA$15,F$1,0),0) -> 26666.9 | G140: =VLOOKUP($A:$A,Data_sheet_PTD!$M:$DZ,VLOOKUP($B$2,Summary!$V$4:$AA$15,G$1,0),0) -> 35521.54 | H140: =VLOOKUP($A:$A,Data_sheet_PTD!$M:$DZ,VLOOKUP($B$2,Summary!$V$4:$AA$15,H$1,0),0) -> 37827.65 | I140: =H140-G140 -> 2306.11 | J140: =VLOOKUP($A:$A,Data_sheet_PTD!$M:$DZ,VLOOKUP($B$2,Summary!$V$4:$AA$15,J$1,0),0) -> 2306.11 | K140: =VLOOKUP($A:$A,Data_sheet_PTD!$M:$DZ,VLOOKUP($B$2,Summary!$V$4:$AA$15,K$1,0),0) -> 0 | L140: =VLOOKUP($A:$A,Data_sheet_YTD!$M:$DZ,VLOOKUP($B$2,Summary!$V$4:$AA$15,L$1,0),0) -> 530537.44 | M140: =VLOOKUP($A:$A,Data_sheet_YTD!$M:$DZ,VLOOKUP($B$2,Summary!$V$4:$AA$15,M$1,0),0) -> 623955.96 | N140: =VLOOKUP($A:$A,Data_sheet_YTD!$M:$DZ,VLOOKUP($B$2,Summary!$V$4:$AA$15,N$1,0),0) -> 690706.58 | O140: =N140-M140 -> 66750.62 | P140: =VLOOKUP($A:$A,Data_sheet_YTD!$M:$DZ,VLOOKUP($B$2,Summary!$V$4:$AA$15,P$1,0),0) -> 50215.515 | Q140: =VLOOKUP($A:$A,Data_sheet_YTD!$M:$DZ,VLOOKUP($B$2,Summary!$V$4:$AA$15,Q$1,0),0) -> 16535.105 | R140: 10800.69 | S140: =R140-I140 -> 8494.58 | T140: =O140-P140-Q140 -> 1.3096724e-10
A141: CA255 | B141: =IF(F141>0,"O","X") -> O | C141: =IF(G141>0,"O","X") -> O | D141: =IF(H141>0,"O","X") -> O | E141: OPEN | F141: =VLOOKUP($A:$A,Data_sheet_PTD!$M:$DZ,VLOOKUP($B$2,Summary!$V$4:$AA$15,F$1,0),0) -> 51593.37 | G141: =VLOOKUP($A:$A,Data_sheet_PTD!$M:$DZ,VLOOKUP($B$2,Summary!$V$4:$AA$15,G$1,0),0) -> 69441.71 | H141: =VLOOKUP($A:$A,Data_sheet_PTD!$M:$DZ,VLOOKUP($B$2,Summary!$V$4:$AA$15,H$1,0),0) -> 73105.16 | I141: =H141-G141 -> 3663.45 | J141: =VLOOKUP($A:$A,Data_sheet_PTD!$M:$DZ,VLOOKUP($B$2,Summary!$V$4:$AA$15,J$1,0),0) -> 3663.45 | K141: =VLOOKUP($A:$A,Data_sheet_PTD!$M:$DZ,VLOOKUP($B$2,Summary!$V$4:$AA$15,K$1,0),0) -> 0 | L141: =VLOOKUP($A:$A,Data_sheet_YTD!$M:$DZ,VLOOKUP($B$2,Summary!$V$4:$AA$15,L$1,0),0) -> 890155.45 | M141: =VLOOKUP($A:$A,Data_sheet_YTD!$M:$DZ,VLOOKUP($B$2,Summary!$V$4:$AA$15,M$1,0),0) -> 1167554.4 | N141: =VLOOKUP($A:$A,Data_sheet_YTD!$M:$DZ,VLOOKUP($B$2,Summary!$V$4:$AA$15,N$1,0),0) -> 1249943.6 | O141: =N141-M141 -> 82389.21 | P141: =VLOOKUP($A:$A,Data_sheet_YTD!$M:$DZ,VLOOKUP($B$2,Summary!$V$4:$AA$15,P$1,0),0) -> 71742.294 | Q141: =VLOOKUP($A:$A,Data_sheet_YTD!$M:$DZ,VLOOKUP($B$2,Summary!$V$4:$AA$15,Q$1,0),0) -> 10646.916 | R141: 24518.2 | S141: =R141-I141 -> 20854.75 | T141: =O141-P141-Q141 -> -2.6193447e-10
A142: CA257 | B142: =IF(F142>0,"O","X") -> O | C142: =IF(G142>0,"O","X") -> O | D142: =IF(H142>0,"O","X") -> O | E142: OPEN | F142: =VLOOKUP($A:$A,Data_sheet_PTD!$M:$DZ,VLOOKUP($B$2,Summary!$V$4:$AA$15,F$1,0),0) -> 30613.51 | G142: =VLOOKUP($A:$A,Data_sheet_PTD!$M:$DZ,VLOOKUP($B$2,Summary!$V$4:$AA$15,G$1,0),0) -> 39936.15 | H142: =VLOOKUP($A:$A,Data_sheet_PTD!$M:$DZ,VLOOKUP($B$2,Summary!$V$4:$AA$15,H$1,0),0) -> 41467.26 | I142: =H142-G142 -> 1531.11 | J142: =VLOOKUP($A:$A,Data_sheet_PTD!$M:$DZ,VLOOKUP($B$2,Summary!$V$4:$AA$15,J$1,0),0) -> 1531.11 | K142: =VLOOKUP($A:$A,Data_sheet_PTD!$M:$DZ,VLOOKUP($B$2,Summary!$V$4:$AA$15,K$1,0),0) -> 0 | L142: =VLOOKUP($A:$A,Data_sheet_YTD!$M:$DZ,VLOOKUP($B$2,Summary!$V$4:$AA$15,L$1,0),0) -> 544494.53 | M142: =VLOOKUP($A:$A,Data_sheet_YTD!$M:$DZ,VLOOKUP($B$2,Summary!$V$4:$AA$15,M$1,0),0) -> 687369.25 | N142: =VLOOKUP($A:$A,Data_sheet_YTD!$M:$DZ,VLOOKUP($B$2,Summary!$V$4:$AA$15,N$1,0),0) -> 766035.21 | O142: =N142-M142 -> 78665.96 | P142: =VLOOKUP($A:$A,Data_sheet_YTD!$M:$DZ,VLOOKUP($B$2,Summary!$V$4:$AA$15,P$1,0),0) -> 75503.019 | Q142: =VLOOKUP($A:$A,Data_sheet_YTD!$M:$DZ,VLOOKUP($B$2,Summary!$V$4:$AA$15,Q$1,0),0) -> 3162.9409 | R142: 13041.73 | S142: =R142-I142 -> 11510.62 | T142: =O142-P142-Q142 -> -3.5925041e-11
A143: CA258 | B143: =IF(F143>0,"O","X") -> O | C143: =IF(G143>0,"O","X") -> O | D143: =IF(H143>0,"O","X") -> O | E143: OPEN | F143: =VLOOKUP($A:$A,Data_sheet_PTD!$M:$DZ,VLOOKUP($B$2,Summary!$V$4:$AA$15,F$1,0),0) -> 67540.51 | G143: =VLOOKUP($A:$A,Data_sheet_PTD!$M:$DZ,VLOOKUP($B$2,Summary!$V$4:$AA$15,G$1,0),0) -> 86265.98 | H143: =VLOOKUP($A:$A,Data_sheet_PTD!$M:$DZ,VLOOKUP($B$2,Summary!$V$4:$AA$15,H$1,0),0) -> 86280.95 | I143: =H143-G143 -> 14.97 | J143: =VLOOKUP($A:$A,Data_sheet_PTD!$M:$DZ,VLOOKUP($B$2,Summary!$V$4:$AA$15,J$1,0),0) -> 14.97 | K143: =VLOOKUP($A:$A,Data_sheet_PTD!$M:$DZ,VLOOKUP($B$2,Summary!$V$4:$AA$15,K$1,0),0) -> 0 | L143: =VLOOKUP($A:$A,Data_sheet_YTD!$M:$DZ,VLOOKUP($B$2,Summary!$V$4:$AA$15,L$1,0),0) -> 1159165.3 | M143: =VLOOKUP($A:$A,Data_sheet_YTD!$M:$DZ,VLOOKUP($B$2,Summary!$V$4:$AA$15,M$1,0),0) -> 1363894.2 | N143: =VLOOKUP($A:$A,Data_sheet_YTD!$M:$DZ,VLOOKUP($B$2,Summary!$V$4:$AA$15,N$1,0),0) -> 1475451 | O143: =N143-M143 -> 111556.77 | P143: =VLOOKUP($A:$A,Data_sheet_YTD!$M:$DZ,VLOOKUP($B$2,Summary!$V$4:$AA$15,P$1,0),0) -> 97160.399 | Q143: =VLOOKUP($A:$A,Data_sheet_YTD!$M:$DZ,VLOOKUP($B$2,Summary!$V$4:$AA$15,Q$1,0),0) -> 14396.371 | R143: 23817.1 | S143: =R143-I143 -> 23802.13 | T143: =O143-P143-Q143 -> 3.8380676e-10
... A204: CA325 | B204: =IF(F204>0,"O","X") -> O | C204: =IF(G204>0,"O","X") -> O | D204: =IF(H204>0,"O","X") -> O | E204: OPEN | F204: =VLOOKUP($A:$A,Data_sheet_PTD!$M:$DZ,VLOOKUP($B$2,Summary!$V$4:$AA$15,F$1,0),0) -> 5804.9 | G204: =VLOOKUP($A:$A,Data_sheet_PTD!$M:$DZ,VLOOKUP($B$2,Summary!$V$4:$AA$15,G$1,0),0) -> 8494.65 | H204: =VLOOKUP($A:$A,Data_sheet_PTD!$M:$DZ,VLOOKUP($B$2,Summary!$V$4:$AA$15,H$1,0),0) -> 6489.52 | I204: =H204-G204 -> -2005.13 | J204: =VLOOKUP($A:$A,Data_sheet_PTD!$M:$DZ,VLOOKUP($B$2,Summary!$V$4:$AA$15,J$1,0),0) -> -2005.13 | K204: =VLOOKUP($A:$A,Data_sheet_PTD!$M:$DZ,VLOOKUP($B$2,Summary!$V$4:$AA$15,K$1,0),0) -> 0 | L204: =VLOOKUP($A:$A,Data_sheet_YTD!$M:$DZ,VLOOKUP($B$2,Summary!$V$4:$AA$15,L$1,0),0) -> 133251.06 | M204: =VLOOKUP($A:$A,Data_sheet_YTD!$M:$DZ,VLOOKUP($B$2,Summary!$V$4:$AA$15,M$1,0),0) -> 166825.97 | N204: =VLOOKUP($A:$A,Data_sheet_YTD!$M:$DZ,VLOOKUP($B$2,Summary!$V$4:$AA$15,N$1,0),0) -> 139608.56 | O204: =N204-M204 -> -27217.41 | P204: =VLOOKUP($A:$A,Data_sheet_YTD!$M:$DZ,VLOOKUP($B$2,Summary!$V$4:$AA$15,P$1,0),0) -> -39438.521 | Q204: =VLOOKUP($A:$A,Data_sheet_YTD!$M:$DZ,VLOOKUP($B$2,Summary!$V$4:$AA$15,Q$1,0),0) -> 12221.111 | R204: -3531.82 | S204: =R204-I204 -> -1526.69 | T204: =O204-P204-Q204 -> 2.1827873e-11
A205: CA327 | B205: =IF(F205>0,"O","X") -> O | C205: =IF(G205>0,"O","X") -> O | D205: X | E205: OPEN | F205: =VLOOKUP($A:$A,Data_sheet_PTD!$M:$DZ,VLOOKUP($B$2,Summary!$V$4:$AA$15,F$1,0),0) -> 3544.9 | G205: =VLOOKUP($A:$A,Data_sheet_PTD!$M:$DZ,VLOOKUP($B$2,Summary!$V$4:$AA$15,G$1,0),0) -> 3864.35 | H205: =VLOOKUP($A:$A,Data_sheet_PTD!$M:$DZ,VLOOKUP($B$2,Summary!$V$4:$AA$15,H$1,0),0) -> 0 | I205: =H205-G205 -> -3864.35 | J205: =VLOOKUP($A:$A,Data_sheet_PTD!$M:$DZ,VLOOKUP($B$2,Summary!$V$4:$AA$15,J$1,0),0) -> -3864.35 | K205: =VLOOKUP($A:$A,Data_sheet_PTD!$M:$DZ,VLOOKUP($B$2,Summary!$V$4:$AA$15,K$1,0),0) -> 0 | L205: =VLOOKUP($A:$A,Data_sheet_YTD!$M:$DZ,VLOOKUP($B$2,Summary!$V$4:$AA$15,L$1,0),0) -> 60348.64 | M205: =VLOOKUP($A:$A,Data_sheet_YTD!$M:$DZ,VLOOKUP($B$2,Summary!$V$4:$AA$15,M$1,0),0) -> 70246.18 | N205: =VLOOKUP($A:$A,Data_sheet_YTD!$M:$DZ,VLOOKUP($B$2,Summary!$V$4:$AA$15,N$1,0),0) -> 19856.73 | O205: =N205-M205 -> -50389.45 | P205: =VLOOKUP($A:$A,Data_sheet_YTD!$M:$DZ,VLOOKUP($B$2,Summary!$V$4:$AA$15,P$1,0),0) -> -50389.45 | Q205: =VLOOKUP($A:$A,Data_sheet_YTD!$M:$DZ,VLOOKUP($B$2,Summary!$V$4:$AA$15,Q$1,0),0) -> 0 | R205: 0 | S205: =R205-I205 -> 3864.35 | T205: =O205-P205-Q205 -> -7.2759576e-12
A206: CA328 | B206: =IF(F206>0,"O","X") -> O | C206: =IF(G206>0,"O","X") -> O | D206: =IF(H206>0,"O","X") -> O | E206: OPEN | F206: =VLOOKUP($A:$A,Data_sheet_PTD!$M:$DZ,VLOOKUP($B$2,Summary!$V$4:$AA$15,F$1,0),0) -> 58576.87 | G206: =VLOOKUP($A:$A,Data_sheet_PTD!$M:$DZ,VLOOKUP($B$2,Summary!$V$4:$AA$15,G$1,0),0) -> 67616.34 | H206: =VLOOKUP($A:$A,Data_sheet_PTD!$M:$DZ,VLOOKUP($B$2,Summary!$V$4:$AA$15,H$1,0),0) -> 59471.13 | I206: =H206-G206 -> -8145.21 | J206: =VLOOKUP($A:$A,Data_sheet_PTD!$M:$DZ,VLOOKUP($B$2,Summary!$V$4:$AA$15,J$1,0),0) -> -8145.21 | K206: =VLOOKUP($A:$A,Data_sheet_PTD!$M:$DZ,VLOOKUP($B$2,Summary!$V$4:$AA$15,K$1,0),0) -> 0 | L206: =VLOOKUP($A:$A,Data_sheet_YTD!$M:$DZ,VLOOKUP($B$2,Summary!$V$4:$AA$15,L$1,0),0) -> 1041313.7 | M206: =VLOOKUP($A:$A,Data_sheet_YTD!$M:$DZ,VLOOKUP($B$2,Summary!$V$4:$AA$15,M$1,0),0) -> 1177709.8 | N206: =VLOOKUP($A:$A,Data_sheet_YTD!$M:$DZ,VLOOKUP($B$2,Summary!$V$4:$AA$15,N$1,0),0) -> 1247479.4 | O206: =N206-M206 -> 69769.57 | P206: =VLOOKUP($A:$A,Data_sheet_YTD!$M:$DZ,VLOOKUP($B$2,Summary!$V$4:$AA$15,P$1,0),0) -> -41530.463 | Q206: =VLOOKUP($A:$A,Data_sheet_YTD!$M:$DZ,VLOOKUP($B$2,Summary!$V$4:$AA$15,Q$1,0),0) -> 111300.03 | R206: 13633.62 | S206: =R206-I206 -> 21778.83 | T206: =O206-P206-Q206 -> -2.0372681e-10
A207: CA329 | B207: =IF(F207>0,"O","X") -> O | C207: =IF(G207>0,"O","X") -> O | D207: =IF(H207>0,"O","X") -> O | E207: OPEN | F207: =VLOOKUP($A:$A,Data_sheet_PTD!$M:$DZ,VLOOKUP($B$2,Summary!$V$4:$AA$15,F$1,0),0) -> 28075.84 | G207: =VLOOKUP($A:$A,Data_sheet_PTD!$M:$DZ,VLOOKUP($B$2,Summary!$V$4:$AA$15,G$1,0),0) -> 28477.03 | H207: =VLOOKUP($A:$A,Data_sheet_PTD!$M:$DZ,VLOOKUP($B$2,Summary!$V$4:$AA$15,H$1,0),0) -> 28014.45 | I207: =H207-G207 -> -462.58 | J207: =VLOOKUP($A:$A,Data_sheet_PTD!$M:$DZ,VLOOKUP($B$2,Summary!$V$4:$AA$15,J$1,0),0) -> -1554.0521 | K207: =VLOOKUP($A:$A,Data_sheet_PTD!$M:$DZ,VLOOKUP($B$2,Summary!$V$4:$AA$15,K$1,0),0) -> 1091.4721 | L207: =VLOOKUP($A:$A,Data_sheet_YTD!$M:$DZ,VLOOKUP($B$2,Summary!$V$4:$AA$15,L$1,0),0) -> 523728.55 | M207: =VLOOKUP($A:$A,Data_sheet_YTD!$M:$DZ,VLOOKUP($B$2,Summary!$V$4:$AA$15,M$1,0),0) -> 573220.35 | N207: =VLOOKUP($A:$A,Data_sheet_YTD!$M:$DZ,VLOOKUP($B$2,Summary!$V$4:$AA$15,N$1,0),0) -> 575365.88 | O207: =N207-M207 -> 2145.53 | P207: =VLOOKUP($A:$A,Data_sheet_YTD!$M:$DZ,VLOOKUP($B$2,Summary!$V$4:$AA$15,P$1,0),0) -> -6027.3256 | Q207: =VLOOKUP($A:$A,Data_sheet_YTD!$M:$DZ,VLOOKUP($B$2,Summary!$V$4:$AA$15,Q$1,0),0) -> 8172.8556 | R207: 1021.79 | S207: =R207-I207 -> 1484.37 | T207: =O207-P207-Q207 -> 2.8194336e-11
A208: CA330 | B208: =IF(F208>0,"O","X") -> O | C208: =IF(G208>0,"O","X") -> O | D208: =IF(H208>0,"O","X") -> O | E208: OPEN | F208: =VLOOKUP($A:$A,Data_sheet_PTD!$M:$DZ,VLOOKUP($B$2,Summary!$V$4:$AA$15,F$1,0),0) -> 48171.37 | G208: =VLOOKUP($A:$A,Data_sheet_PTD!$M:$DZ,VLOOKUP($B$2,Summary!$V$4:$AA$15,G$1,0),0) -> 58634.36 | H208: =VLOOKUP($A:$A,Data_sheet_PTD!$M:$DZ,VLOOKUP($B$2,Summary!$V$4:$AA$15,H$1,0),0) -> 58629.11 | I208: =H208-G208 -> -5.25 | J208: =VLOOKUP($A:$A,Data_sheet_PTD!$M:$DZ,VLOOKUP($B$2,Summary!$V$4:$AA$15,J$1,0),0) -> -5.25 | K208: =VLOOKUP($A:$A,Data_sheet_PTD!$M:$DZ,VLOOKUP($B$2,Summary!$V$4:$AA$15,K$1,0),0) -> 0 | L208: =VLOOKUP($A:$A,Data_sheet_YTD!$M:$DZ,VLOOKUP($B$2,Summary!$V$4:$AA$15,L$1,0),0) -> 801455.05 | M208: =VLOOKUP($A:$A,Data_sheet_YTD!$M:$DZ,VLOOKUP($B$2,Summary!$V$4:$AA$15,M$1,0),0) -> 990194.36 | N208: =VLOOKUP($A:$A,Data_sheet_YTD!$M:$DZ,VLOOKUP($B$2,Summary!$V$4:$AA$15,N$1,0),0) -> 1049031.1 | O208: =N208-M208 -> 58836.69 | P208: =VLOOKUP($A:$A,Data_sheet_YTD!$M:$DZ,VLOOKUP($B$2,Summary!$V$4:$AA$15,P$1,0),0) -> 44044.389 | Q208: =VLOOKUP($A:$A,Data_sheet_YTD!$M:$DZ,VLOOKUP($B$2,Summary!$V$4:$AA$15,Q$1,0),0) -> 14792.301 | R208: 12737.45 | S208: =R208-I208 -> 12742.7 | T208: =O208-P208-Q208 -> 2.0736479e-10
A209: CA331 | B209: =IF(F209>0,"O","X") -> X | C209: =IF(G209>0,"O","X") -> X | D209: =IF(H209>0,"O","X") -> X | E209: CLOSED | F209: =VLOOKUP($A:$A,Data_sheet_PTD!$M:$DZ,VLOOKUP($B$2,Summary!$V$4:$AA$15,F$1,0),0) -> 0 | G209: =VLOOKUP($A:$A,Data_sheet_PTD!$M:$DZ,VLOOKUP($B$2,Summary!$V$4:$AA$15,G$1,0),0) -> 0 | H209: =VLOOKUP($A:$A,Data_sheet_PTD!$M:$DZ,VLOOKUP($B$2,Summary!$V$4:$AA$15,H$1,0),0) -> 0 | I209: =H209-G209 -> 0 | J209: =VLOOKUP($A:$A,Data_sheet_PTD!$M:$DZ,VLOOKUP($B$2,Summary!$V$4:$AA$15,J$1,0),0) -> 0 | K209: =VLOOKUP($A:$A,Data_sheet_PTD!$M:$DZ,VLOOKUP($B$2,Summary!$V$4:$AA$15,K$1,0),0) -> 0 | L209: =VLOOKUP($A:$A,Data_sheet_YTD!$M:$DZ,VLOOKUP($B$2,Summary!$V$4:$AA$15,L$1,0),0) -> 0 | M209: =VLOOKUP($A:$A,Data_sheet_YTD!$M:$DZ,VLOOKUP($B$2,Summary!$V$4:$AA$15,M$1,0),0) -> 0 | N209: =VLOOKUP($A:$A,Data_sheet_YTD!$M:$DZ,VLOOKUP($B$2,Summary!$V$4:$AA$15,N$1,0),0) -> 0 | O209: =N209-M209 -> 0 | P209: =VLOOKUP($A:$A,Data_sheet_YTD!$M:$DZ,VLOOKUP($B$2,Summary!$V$4:$AA$15,P$1,0),0) -> 0 | Q209: =VLOOKUP($A:$A,Data_sheet_YTD!$M:$DZ,VLOOKUP($B$2,Summary!$V$4:$AA$15,Q$1,0),0) -> 0 | R209: 0 | S209: =R209-I209 -> 0 | T209: =O209-P209-Q209 -> 0
A210: CA332 | B210: =IF(F210>0,"O","X") -> O | C210: =IF(G210>0,"O","X") -> O | D210: =IF(H210>0,"O","X") -> O | E210: OPEN | F210: =VLOOKUP($A:$A,Data_sheet_PTD!$M:$DZ,VLOOKUP($B$2,Summary!$V$4:$AA$15,F$1,0),0) -> 21519.32 | G210: =VLOOKUP($A:$A,Data_sheet_PTD!$M:$DZ,VLOOKUP($B$2,Summary!$V$4:$AA$15,G$1,0),0) -> 29187.78 | H210: =VLOOKUP($A:$A,Data_sheet_PTD!$M:$DZ,VLOOKUP($B$2,Summary!$V$4:$AA$15,H$1,0),0) -> 25873.08 | I210: =H210-G210 -> -3314.7 | J210: =VLOOKUP($A:$A,Data_sheet_PTD!$M:$DZ,VLOOKUP($B$2,Summary!$V$4:$AA$15,J$1,0),0) -> -4427.5206 | K210: =VLOOKUP($A:$A,Data_sheet_PTD!$M:$DZ,VLOOKUP($B$2,Summary!$V$4:$AA$15,K$1,0),0) -> 1112.8206 | L210: =VLOOKUP($A:$A,Data_sheet_YTD!$M:$DZ,VLOOKUP($B$2,Summary!$V$4:$AA$15,L$1,0),0) -> 407241.54 | M210: =VLOOKUP($A:$A,Data_sheet_YTD!$M:$DZ,VLOOKUP($B$2,Summary!$V$4:$AA$15,M$1,0),0) -> 455617.31 | N210: =VLOOKUP($A:$A,Data_sheet_YTD!$M:$DZ,VLOOKUP($B$2,Summary!$V$4:$AA$15,N$1,0),0) -> 442195.66 | O210: =N210-M210 -> -13421.65 | P210: =VLOOKUP($A:$A,Data_sheet_YTD!$M:$DZ,VLOOKUP($B$2,Summary!$V$4:$AA$15,P$1,0),0) -> -17286.867 | Q210: =VLOOKUP($A:$A,Data_sheet_YTD!$M:$DZ,VLOOKUP($B$2,Summary!$V$4:$AA$15,Q$1,0),0) -> 3865.2174 | R210: 6572.82 | S210: =R210-I210 -> 9887.52 | T210: =O210-P210-Q210 -> 2.7284841e-11
A211: CA333 | B211: =IF(F211>0,"O","X") -> O | C211: =IF(G211>0,"O","X") -> O | D211: =IF(H211>0,"O","X") -> O | E211: OPEN | F211: =VLOOKUP($A:$A,Data_sheet_PTD!$M:$DZ,VLOOKUP($B$2,Summary!$V$4:$AA$15,F$1,0),0) -> 45359.48 | G211: =VLOOKUP($A:$A,Data_sheet_PTD!$M:$DZ,VLOOKUP($B$2,Summary!$V$4:$AA$15,G$1,0),0) -> 52219.96 | H211: =VLOOKUP($A:$A,Data_sheet_PTD!$M:$DZ,VLOOKUP($B$2,Summary!$V$4:$AA$15,H$1,0),0) -> 49520.11 | I211: =H211-G211 -> -2699.85 | J211: =VLOOKUP($A:$A,Data_sheet_PTD!$M:$DZ,VLOOKUP($B$2,Summary!$V$4:$AA$15,J$1,0),0) -> -2699.85 | K211: =VLOOKUP($A:$A,Data_sheet_PTD!$M:$DZ,VLOOKUP($B$2,Summary!$V$4:$AA$15,K$1,0),0) -> 0 | L211: =VLOOKUP($A:$A,Data_sheet_YTD!$M:$DZ,VLOOKUP($B$2,Summary!$V$4:$AA$15,L$1,0),0) -> 708048.41 | M211: =VLOOKUP($A:$A,Data_sheet_YTD!$M:$DZ,VLOOKUP($B$2,Summary!$V$4:$AA$15,M$1,0),0) -> 895143.63 | N211: =VLOOKUP($A:$A,Data_sheet_YTD!$M:$DZ,VLOOKUP($B$2,Summary!$V$4:$AA$15,N$1,0),0) -> 947785.91 | O211: =N211-M211 -> 52642.28 | P211: =VLOOKUP($A:$A,Data_sheet_YTD!$M:$DZ,VLOOKUP($B$2,Summary!$V$4:$AA$15,P$1,0),0) -> 43744.102 | Q211: =VLOOKUP($A:$A,Data_sheet_YTD!$M:$DZ,VLOOKUP($B$2,Summary!$V$4:$AA$15,Q$1,0),0) -> 8898.1784 | R211: 14042.41 | S211: =R211-I211 -> 16742.26 | T211: =O211-P211-Q211 -> -9.094947e-11
A212: CA334 | B212: =IF(F212>0,"O","X") -> O | C212: =IF(G212>0,"O","X") -> O | D212: =IF(H212>0,"O","X") -> O | E212: OPEN | F212: =VLOOKUP($A:$A,Data_sheet_PTD!$M:$DZ,VLOOKUP($B$2,Summary!$V$4:$AA$15,F$1,0),0) -> 37595.43 | G212: =VLOOKUP($A:$A,Data_sheet_PTD!$M:$DZ,VLOOKUP($B$2,Summary!$V$4:$AA$15,G$1,0),0) -> 55079.46 | H212: =VLOOKUP($A:$A,Data_sheet_PTD!$M:$DZ,VLOOKUP($B$2,Summary!$V$4:$AA$15,H$1,0),0) -> 50112.79 | I212: =H212-G212 -> -4966.67 | J212: =VLOOKUP($A:$A,Data_sheet_PTD!$M:$DZ,VLOOKUP($B$2,Summary!$V$4:$AA$15,J$1,0),0) -> -4966.67 | K212: =VLOOKUP($A:$A,Data_sheet_PTD!$M:$DZ,VLOOKUP($B$2,Summary!$V$4:$AA$15,K$1,0),0) -> 0 | L212: =VLOOKUP($A:$A,Data_sheet_YTD!$M:$DZ,VLOOKUP($B$2,Summary!$V$4:$AA$15,L$1,0),0) -> 626977.52 | M212: =VLOOKUP($A:$A,Data_sheet_YTD!$M:$DZ,VLOOKUP($B$2,Summary!$V$4:$AA$15,M$1,0),0) -> 810748.67 | N212: =VLOOKUP($A:$A,Data_sheet_YTD!$M:$DZ,VLOOKUP($B$2,Summary!$V$4:$AA$15,N$1,0),0) -> 874134.97 | O212: =N212-M212 -> 63386.3 | P212: =VLOOKUP($A:$A,Data_sheet_YTD!$M:$DZ,VLOOKUP($B$2,Summary!$V$4:$AA$15,P$1,0),0) -> 44213.786 | Q212: =VLOOKUP($A:$A,Data_sheet_YTD!$M:$DZ,VLOOKUP($B$2,Summary!$V$4:$AA$15,Q$1,0),0) -> 19172.514 | R212: 5691.87 | S212: =R212-I212 -> 10658.54 | T212: =O212-P212-Q212 -> 5.8207661e-11
A213: CA335 | B213: =IF(F213>0,"O","X") -> X | C213: =IF(G213>0,"O","X") -> X | D213: =IF(H213>0,"O","X") -> X | E213: CLOSED | F213: =VLOOKUP($A:$A,Data_sheet_PTD!$M:$DZ,VLOOKUP($B$2,Summary!$V$4:$AA$15,F$1,0),0) -> 0 | G213: =VLOOKUP($A:$A,Data_sheet_PTD!$M:$DZ,VLOOKUP($B$2,Summary!$V$4:$AA$15,G$1,0),0) -> 0 | H213: =VLOOKUP($A:$A,Data_sheet_PTD!$M:$DZ,VLOOKUP($B$2,Summary!$V$4:$AA$15,H$1,0),0) -> 0 | I213: =H213-G213 -> 0 | J213: =VLOOKUP($A:$A,Data_sheet_PTD!$M:$DZ,VLOOKUP($B$2,Summary!$V$4:$AA$15,J$1,0),0) -> 0 | K213: =VLOOKUP($A:$A,Data_sheet_PTD!$M:$DZ,VLOOKUP($B$2,Summary!$V$4:$AA$15,K$1,0),0) -> 0 | L213: =VLOOKUP($A:$A,Data_sheet_YTD!$M:$DZ,VLOOKUP($B$2,Summary!$V$4:$AA$15,L$1,0),0) -> 0 | M213: =VLOOKUP($A:$A,Data_sheet_YTD!$M:$DZ,VLOOKUP($B$2,Summary!$V$4:$AA$15,M$1,0),0) -> 0 | N213: =VLOOKUP($A:$A,Data_sheet_YTD!$M:$DZ,VLOOKUP($B$2,Summary!$V$4:$AA$15,N$1,0),0) -> 0 | O213: =N213-M213 -> 0 | P213: =VLOOKUP($A:$A,Data_sheet_YTD!$M:$DZ,VLOOKUP($B$2,Summary!$V$4:$AA$15,P$1,0),0) -> 0 | Q213: =VLOOKUP($A:$A,Data_sheet_YTD!$M:$DZ,VLOOKUP($B$2,Summary!$V$4:$AA$15,Q$1,0),0) -> 0 | R213: 0 | S213: =R213-I213 -> 0 | T213: =O213-P213-Q213 -> 0
A214: CA340H | B214: =IF(F214>0,"O","X") -> O | C214: =IF(G214>0,"O","X") -> O | D214: =IF(H214>0,"O","X") -> O | E214: OPEN | F214: =VLOOKUP($A:$A,Data_sheet_PTD!$M:$DZ,VLOOKUP($B$2,Summary!$V$4:$AA$15,F$1,0),0) -> 31574.78 | G214: =VLOOKUP($A:$A,Data_sheet_PTD!$M:$DZ,VLOOKUP($B$2,Summary!$V$4:$AA$15,G$1,0),0) -> 37247.65 | H214: =VLOOKUP($A:$A,Data_sheet_PTD!$M:$DZ,VLOOKUP($B$2,Summary!$V$4:$AA$15,H$1,0),0) -> 35451.28 | I214: =H214-G214 -> -1796.37 | J214: =VLOOKUP($A:$A,Data_sheet_PTD!$M:$DZ,VLOOKUP($B$2,Summary!$V$4:$AA$15,J$1,0),0) -> -1796.37 | K214: =VLOOKUP($A:$A,Data_sheet_PTD!$M:$DZ,VLOOKUP($B$2,Summary!$V$4:$AA$15,K$1,0),0) -> 0 | L214: =VLOOKUP($A:$A,Data_sheet_YTD!$M:$DZ,VLOOKUP($B$2,Summary!$V$4:$AA$15,L$1,0),0) -> 511433.19 | M214: =VLOOKUP($A:$A,Data_sheet_YTD!$M:$DZ,VLOOKUP($B$2,Summary!$V$4:$AA$15,M$1,0),0) -> 662819.08 | N214: =VLOOKUP($A:$A,Data_sheet_YTD!$M:$DZ,VLOOKUP($B$2,Summary!$V$4:$AA$15,N$1,0),0) -> 699574.52 | O214: =N214-M214 -> 36755.44 | P214: =VLOOKUP($A:$A,Data_sheet_YTD!$M:$DZ,VLOOKUP($B$2,Summary!$V$4:$AA$15,P$1,0),0) -> 36755.44 | Q214: =VLOOKUP($A:$A,Data_sheet_YTD!$M:$DZ,VLOOKUP($B$2,Summary!$V$4:$AA$15,Q$1,0),0) -> 0 | R214: 6926.55 | S214: =R214-I214 -> 8722.92 | T214: =O214-P214-Q214 -> -1.7462298e-10
A215: CA341 | B215: =IF(F215>0,"O","X") -> O | C215: O | D215: =IF(H215>0,"O","X") -> O | E215: OPEN | F215: =VLOOKUP($A:$A,Data_sheet_PTD!$M:$DZ,VLOOKUP($B$2,Summary!$V$4:$AA$15,F$1,0),0) -> 18523.94 | G215: =VLOOKUP($A:$A,Data_sheet_PTD!$M:$DZ,VLOOKUP($B$2,Summary!$V$4:$AA$15,G$1,0),0) -> 27323.53 | H215: =VLOOKUP($A:$A,Data_sheet_PTD!$M:$DZ,VLOOKUP($B$2,Summary!$V$4:$AA$15,H$1,0),0) -> 29212.88 | I215: =H215-G215 -> 1889.35 | J215: =VLOOKUP($A:$A,Data_sheet_PTD!$M:$DZ,VLOOKUP($B$2,Summary!$V$4:$AA$15,J$1,0),0) -> 1889.35 | K215: =VLOOKUP($A:$A,Data_sheet_PTD!$M:$DZ,VLOOKUP($B$2,Summary!$V$4:$AA$15,K$1,0),0) -> 0 | L215: =VLOOKUP($A:$A,Data_sheet_YTD!$M:$DZ,VLOOKUP($B$2,Summary!$V$4:$AA$15,L$1,0),0) -> 342250.08 | M215: =VLOOKUP($A:$A,Data_sheet_YTD!$M:$DZ,VLOOKUP($B$2,Summary!$V$4:$AA$15,M$1,0),0) -> 460727.03 | N215: =VLOOKUP($A:$A,Data_sheet_YTD!$M:$DZ,VLOOKUP($B$2,Summary!$V$4:$AA$15,N$1,0),0) -> 526723.48 | O215: =N215-M215 -> 65996.45 | P215: =VLOOKUP($A:$A,Data_sheet_YTD!$M:$DZ,VLOOKUP($B$2,Summary!$V$4:$AA$15,P$1,0),0) -> 65996.45 | Q215: =VLOOKUP($A:$A,Data_sheet_YTD!$M:$DZ,VLOOKUP($B$2,Summary!$V$4:$AA$15,Q$1,0),0) -> 0 | R215: 8962.87 | S215: =R215-I215 -> 7073.52 | T215: =O215-P215-Q215 -> 8.7311491e-11
A216: CA342 | B216: =IF(F216>0,"O","X") -> O | C216: =IF(G216>0,"O","X") -> O | D216: =IF(H216>0,"O","X") -> O | E216: OPEN | F216: =VLOOKUP($A:$A,Data_sheet_PTD!$M:$DZ,VLOOKUP($B$2,Summary!$V$4:$AA$15,F$1,0),0) -> 31678.46 | G216: =VLOOKUP($A:$A,Data_sheet_PTD!$M:$DZ,VLOOKUP($B$2,Summary!$V$4:$AA$15,G$1,0),0) -> 36132.77 | H216: =VLOOKUP($A:$A,Data_sheet_PTD!$M:$DZ,VLOOKUP($B$2,Summary!$V$4:$AA$15,H$1,0),0) -> 33001.63 | I216: =H216-G216 -> -3131.14 | J216: =VLOOKUP($A:$A,Data_sheet_PTD!$M:$DZ,VLOOKUP($B$2,Summary!$V$4:$AA$15,J$1,0),0) -> -4939.4485 | K216: =VLOOKUP($A:$A,Data_sheet_PTD!$M:$DZ,VLOOKUP($B$2,Summary!$V$4:$AA$15,K$1,0),0) -> 1808.3085 | L216: =VLOOKUP($A:$A,Data_sheet_YTD!$M:$DZ,VLOOKUP($B$2,Summary!$V$4:$AA$15,L$1,0),0) -> 601825.66 | M216: =VLOOKUP($A:$A,Data_sheet_YTD!$M:$DZ,VLOOKUP($B$2,Summary!$V$4:$AA$15,M$1,0),0) -> 704911.22 | N216: =VLOOKUP($A:$A,Data_sheet_YTD!$M:$DZ,VLOOKUP($B$2,Summary!$V$4:$AA$15,N$1,0),0) -> 721104.38 | O216: =N216-M216 -> 16193.16 | P216: =VLOOKUP($A:$A,Data_sheet_YTD!$M:$DZ,VLOOKUP($B$2,Summary!$V$4:$AA$15,P$1,0),0) -> -6474.4849 | Q216: =VLOOKUP($A:$A,Data_sheet_YTD!$M:$DZ,VLOOKUP($B$2,Summary!$V$4:$AA$15,Q$1,0),0) -> 22667.645 | R216: 7963.53 | S216: =R216-I216 -> 11094.67 | T216: =O216-P216-Q216 -> 1.5279511e-10
A217: CA343 | B217: =IF(F217>0,"O","X") -> O | C217: =IF(G217>0,"O","X") -> O | D217: =IF(H217>0,"O","X") -> O | E217: OPEN | F217: =VLOOKUP($A:$A,Data_sheet_PTD!$M:$DZ,VLOOKUP($B$2,Summary!$V$4:$AA$15,F$1,0),0) -> 19689.35 | G217: =VLOOKUP($A:$A,Data_sheet_PTD!$M:$DZ,VLOOKUP($B$2,Summary!$V$4:$AA$15,G$1,0),0) -> 25723.9 | H217: =VLOOKUP($A:$A,Data_sheet_PTD!$M:$DZ,VLOOKUP($B$2,Summary!$V$4:$AA$15,H$1,0),0) -> 27402.3 | I217: =H217-G217 -> 1678.4 | J217: =VLOOKUP($A:$A,Data_sheet_PTD!$M:$DZ,VLOOKUP($B$2,Summary!$V$4:$AA$15,J$1,0),0) -> 957.28684 | K217: =VLOOKUP($A:$A,Data_sheet_PTD!$M:$DZ,VLOOKUP($B$2,Summary!$V$4:$AA$15,K$1,0),0) -> 721.11316 | L217: =VLOOKUP($A:$A,Data_sheet_YTD!$M:$DZ,VLOOKUP($B$2,Summary!$V$4:$AA$15,L$1,0),0) -> 357506.4 | M217: =VLOOKUP($A:$A,Data_sheet_YTD!$M:$DZ,VLOOKUP($B$2,Summary!$V$4:$AA$15,M$1,0),0) -> 441906.99 | N217: =VLOOKUP($A:$A,Data_sheet_YTD!$M:$DZ,VLOOKUP($B$2,Summary!$V$4:$AA$15,N$1,0),0) -> 492384.15 | O217: =N217-M217 -> 50477.16 | P217: =VLOOKUP($A:$A,Data_sheet_YTD!$M:$DZ,VLOOKUP($B$2,Summary!$V$4:$AA$15,P$1,0),0) -> 16092.608 | Q217: =VLOOKUP($A:$A,Data_sheet_YTD!$M:$DZ,VLOOKUP($B$2,Summary!$V$4:$AA$15,Q$1,0),0) -> 34384.552 | R217: 8532.02 | S217: =R217-I217 -> 6853.62 | T217: =O217-P217-Q217 -> 0
A218: CA344 | B218: =IF(F218>0,"O","X") -> O | C218: X | D218: =IF(H218>0,"O","X") -> O | E218: CLosed | F218: =VLOOKUP($A:$A,Data_sheet_PTD!$M:$DZ,VLOOKUP($B$2,Summary!$V$4:$AA$15,F$1,0),0) -> 31257.09 | G218: =VLOOKUP($A:$A,Data_sheet_PTD!$M:$DZ,VLOOKUP($B$2,Summary!$V$4:$AA$15,G$1,0),0) -> 31845.58 | H218: =VLOOKUP($A:$A,Data_sheet_PTD!$M:$DZ,VLOOKUP($B$2,Summary!$V$4:$AA$15,H$1,0),0) -> 32925.76 | I218: =H218-G218 -> 1080.18 | J218: =VLOOKUP($A:$A,Data_sheet_PTD!$M:$DZ,VLOOKUP($B$2,Summary!$V$4:$AA$15,J$1,0),0) -> -3087.6377 | K218: =VLOOKUP($A:$A,Data_sheet_PTD!$M:$DZ,VLOOKUP($B$2,Summary!$V$4:$AA$15,K$1,0),0) -> 4167.8177 | L218: =VLOOKUP($A:$A,Data_sheet_YTD!$M:$DZ,VLOOKUP($B$2,Summary!$V$4:$AA$15,L$1,0),0) -> 158004.65 | M218: =VLOOKUP($A:$A,Data_sheet_YTD!$M:$DZ,VLOOKUP($B$2,Summary!$V$4:$AA$15,M$1,0),0) -> 560121.99 | N218: =VLOOKUP($A:$A,Data_sheet_YTD!$M:$DZ,VLOOKUP($B$2,Summary!$V$4:$AA$15,N$1,0),0) -> 580695.98 | O218: =N218-M218 -> 20573.99 | P218: =VLOOKUP($A:$A,Data_sheet_YTD!$M:$DZ,VLOOKUP($B$2,Summary!$V$4:$AA$15,P$1,0),0) -> -37460.972 | Q218: =VLOOKUP($A:$A,Data_sheet_YTD!$M:$DZ,VLOOKUP($B$2,Summary!$V$4:$AA$15,Q$1,0),0) -> 58034.962 | R218: 0 | S218: =R218-I218 -> -1080.18 | T218: =O218-P218-Q218 -> 0
A219: CA346 | B219: =IF(F219>0,"O","X") -> O | C219: X | D219: =IF(H219>0,"O","X") -> O | E219: CLOSED | F219: =VLOOKUP($A:$A,Data_sheet_PTD!$M:$DZ,VLOOKUP($B$2,Summary!$V$4:$AA$15,F$1,0),0) -> 12527.46 | G219: =VLOOKUP($A:$A,Data_sheet_PTD!$M:$DZ,VLOOKUP($B$2,Summary!$V$4:$AA$15,G$1,0),0) -> 30003.41 | H219: =VLOOKUP($A:$A,Data_sheet_PTD!$M:$DZ,VLOOKUP($B$2,Summary!$V$4:$AA$15,H$1,0),0) -> 38451.4 | I219: =H219-G219 -> 8447.99 | J219: =VLOOKUP($A:$A,Data_sheet_PTD!$M:$DZ,VLOOKUP($B$2,Summary!$V$4:$AA$15,J$1,0),0) -> 6501.0837 | K219: =VLOOKUP($A:$A,Data_sheet_PTD!$M:$DZ,VLOOKUP($B$2,Summary!$V$4:$AA$15,K$1,0),0) -> 1946.9063 | L219: =VLOOKUP($A:$A,Data_sheet_YTD!$M:$DZ,VLOOKUP($B$2,Summary!$V$4:$AA$15,L$1,0),0) -> 12527.46 | M219: =VLOOKUP($A:$A,Data_sheet_YTD!$M:$DZ,VLOOKUP($B$2,Summary!$V$4:$AA$15,M$1,0),0) -> 518483.57 | N219: =VLOOKUP($A:$A,Data_sheet_YTD!$M:$DZ,VLOOKUP($B$2,Summary!$V$4:$AA$15,N$1,0),0) -> 636119.9 | O219: =N219-M219 -> 117636.33 | P219: =VLOOKUP($A:$A,Data_sheet_YTD!$M:$DZ,VLOOKUP($B$2,Summary!$V$4:$AA$15,P$1,0),0) -> 80896.164 | Q219: =VLOOKUP($A:$A,Data_sheet_YTD!$M:$DZ,VLOOKUP($B$2,Summary!$V$4:$AA$15,Q$1,0),0) -> 36740.166 | R219: 0 | S219: =R219-I219 -> -8447.99 | T219: =O219-P219-Q219 -> 6.5483619e-11
A220: CA347 | B220: =IF(F220>0,"O","X") -> X | C220: X | D220: =IF(H220>0,"O","X") -> O | E220: CLOSED | F220: =VLOOKUP($A:$A,Data_sheet_PTD!$M:$DZ,VLOOKUP($B$2,Summary!$V$4:$AA$15,F$1,0),0) -> 0 | G220: =VLOOKUP($A:$A,Data_sheet_PTD!$M:$DZ,VLOOKUP($B$2,Summary!$V$4:$AA$15,G$1,0),0) -> 71656.33 | H220: =VLOOKUP($A:$A,Data_sheet_PTD!$M:$DZ,VLOOKUP($B$2,Summary!$V$4:$AA$15,H$1,0),0) -> 75502.97 | I220: =H220-G220 -> 3846.64 | J220: =VLOOKUP($A:$A,Data_sheet_PTD!$M:$DZ,VLOOKUP($B$2,Summary!$V$4:$AA$15,J$1,0),0) -> 1091.0572 | K220: =VLOOKUP($A:$A,Data_sheet_PTD!$M:$DZ,VLOOKUP($B$2,Summary!$V$4:$AA$15,K$1,0),0) -> 2755.5828 | L220: =VLOOKUP($A:$A,Data_sheet_YTD!$M:$DZ,VLOOKUP($B$2,Summary!$V$4:$AA$15,L$1,0),0) -> 0 | M220: =VLOOKUP($A:$A,Data_sheet_YTD!$M:$DZ,VLOOKUP($B$2,Summary!$V$4:$AA$15,M$1,0),0) -> 620605.76 | N220: =VLOOKUP($A:$A,Data_sheet_YTD!$M:$DZ,VLOOKUP($B$2,Summary!$V$4:$AA$15,N$1,0),0) -> 1176084.1 | O220: =N220-M220 -> 555478.34 | P220: =VLOOKUP($A:$A,Data_sheet_YTD!$M:$DZ,VLOOKUP($B$2,Summary!$V$4:$AA$15,P$1,0),0) -> 528290.23 | Q220: =VLOOKUP($A:$A,Data_sheet_YTD!$M:$DZ,VLOOKUP($B$2,Summary!$V$4:$AA$15,Q$1,0),0) -> 27188.107 | R220: 0 | S220: =R220-I220 -> -3846.64 | T220: =O220-P220-Q220 -> -1.0186341e-10
A221: CA348 | B221: =IF(F221>0,"O","X") -> X | C221: X | D221: X | E221: CLOSED | F221: =VLOOKUP($A:$A,Data_sheet_PTD!$M:$DZ,VLOOKUP($B$2,Summary!$V$4:$AA$15,F$1,0),0) -> 0 | G221: =VLOOKUP($A:$A,Data_sheet_PTD!$M:$DZ,VLOOKUP($B$2,Summary!$V$4:$AA$15,G$1,0),0) -> 0 | H221: =VLOOKUP($A:$A,Data_sheet_PTD!$M:$DZ,VLOOKUP($B$2,Summary!$V$4:$AA$15,H$1,0),0) -> 38050.1 | I221: =H221-G221 -> 38050.1 | J221: =VLOOKUP($A:$A,Data_sheet_PTD!$M:$DZ,VLOOKUP($B$2,Summary!$V$4:$AA$15,J$1,0),0) -> 38050.1 | K221: =VLOOKUP($A:$A,Data_sheet_PTD!$M:$DZ,VLOOKUP($B$2,Summary!$V$4:$AA$15,K$1,0),0) -> 0 | L221: =VLOOKUP($A:$A,Data_sheet_YTD!$M:$DZ,VLOOKUP($B$2,Summary!$V$4:$AA$15,L$1,0),0) -> 0 | M221: =VLOOKUP($A:$A,Data_sheet_YTD!$M:$DZ,VLOOKUP($B$2,Summary!$V$4:$AA$15,M$1,0),0) -> 0 | N221: =VLOOKUP($A:$A,Data_sheet_YTD!$M:$DZ,VLOOKUP($B$2,Summary!$V$4:$AA$15,N$1,0),0) -> 449278.88 | O221: =N221-M221 -> 449278.88 | P221: =VLOOKUP($A:$A,Data_sheet_YTD!$M:$DZ,VLOOKUP($B$2,Summary!$V$4:$AA$15,P$1,0),0) -> 449278.88 | Q221: =VLOOKUP($A:$A,Data_sheet_YTD!$M:$DZ,VLOOKUP($B$2,Summary!$V$4:$AA$15,Q$1,0),0) -> 0 | R221: 0 | S221: =R221-I221 -> -38050.1 | T221: =O221-P221-Q221 -> 0
A222: CO101 | B222: =IF(F222>0,"O","X") -> O | C222: =IF(G222>0,"O","X") -> O | D222: =IF(H222>0,"O","X") -> O | E222: OPEN | F222: =VLOOKUP($A:$A,Data_sheet_PTD!$M:$DZ,VLOOKUP($B$2,Summary!$V$4:$AA$15,F$1,0),0) -> 31814.45 | G222: =VLOOKUP($A:$A,Data_sheet_PTD!$M:$DZ,VLOOKUP($B$2,Summary!$V$4:$AA$15,G$1,0),0) -> 39382.56 | H222: =VLOOKUP($A:$A,Data_sheet_PTD!$M:$DZ,VLOOKUP($B$2,Summary!$V$4:$AA$15,H$1,0),0) -> 46969.76 | I222: =H222-G222 -> 7587.2 | J222: =VLOOKUP($A:$A,Data_sheet_PTD!$M:$DZ,VLOOKUP($B$2,Summary!$V$4:$AA$15,J$1,0),0) -> 7587.2 | K222: =VLOOKUP($A:$A,Data_sheet_PTD!$M:$DZ,VLOOKUP($B$2,Summary!$V$4:$AA$15,K$1,0),0) -> 0 | L222: =VLOOKUP($A:$A,Data_sheet_YTD!$M:$DZ,VLOOKUP($B$2,Summary!$V$4:$AA$15,L$1,0),0) -> 661309.41 | M222: =VLOOKUP($A:$A,Data_sheet_YTD!$M:$DZ,VLOOKUP($B$2,Summary!$V$4:$AA$15,M$1,0),0) -> 795948.73 | N222: =VLOOKUP($A:$A,Data_sheet_YTD!$M:$DZ,VLOOKUP($B$2,Summary!$V$4:$AA$15,N$1,0),0) -> 930726.25 | O222: =N222-M222 -> 134777.52 | P222: =VLOOKUP($A:$A,Data_sheet_YTD!$M:$DZ,VLOOKUP($B$2,Summary!$V$4:$AA$15,P$1,0),0) -> 134777.52 | Q222: =VLOOKUP($A:$A,Data_sheet_YTD!$M:$DZ,VLOOKUP($B$2,Summary!$V$4:$AA$15,Q$1,0),0) -> 0 | R222: 25484.63 | S222: =R222-I222 -> 17897.43 | T222: =O222-P222-Q222 -> -2.910383e-11
A223: CO102 | B223: =IF(F223>0,"O","X") -> O | C223: =IF(G223>0,"O","X") -> O | D223: =IF(H223>0,"O","X") -> O | E223: OPEN | F223: =VLOOKUP($A:$A,Data_sheet_PTD!$M:$DZ,VLOOKUP($B$2,Summary!$V$4:$AA$15,F$1,0),0) -> 21512.78 | G223: =VLOOKUP($A:$A,Data_sheet_PTD!$M:$DZ,VLOOKUP($B$2,Summary!$V$4:$AA$15,G$1,0),0) -> 28100.88 | H223: =VLOOKUP($A:$A,Data_sheet_PTD!$M:$DZ,VLOOKUP($B$2,Summary!$V$4:$AA$15,H$1,0),0) -> 31726.47 | I223: =H223-G223 -> 3625.59 | J223: =VLOOKUP($A:$A,Data_sheet_PTD!$M:$DZ,VLOOKUP($B$2,Summary!$V$4:$AA$15,J$1,0),0) -> 3625.59 | K223: =VLOOKUP($A:$A,Data_sheet_PTD!$M:$DZ,VLOOKUP($B$2,Summary!$V$4:$AA$15,K$1,0),0) -> 0 | L223: =VLOOKUP($A:$A,Data_sheet_YTD!$M:$DZ,VLOOKUP($B$2,Summary!$V$4:$AA$15,L$1,0),0) -> 462858.4 | M223: =VLOOKUP($A:$A,Data_sheet_YTD!$M:$DZ,VLOOKUP($B$2,Summary!$V$4:$AA$15,M$1,0),0) -> 583089.19 | N223: =VLOOKUP($A:$A,Data_sheet_YTD!$M:$DZ,VLOOKUP($B$2,Summary!$V$4:$AA$15,N$1,0),0) -> 674422.52 | O223: =N223-M223 -> 91333.33 | P223: =VLOOKUP($A:$A,Data_sheet_YTD!$M:$DZ,VLOOKUP($B$2,Summary!$V$4:$AA$15,P$1,0),0) -> 91333.33 | Q223: =VLOOKUP($A:$A,Data_sheet_YTD!$M:$DZ,VLOOKUP($B$2,Summary!$V$4:$AA$15,Q$1,0),0) -> 0 | R223: 23663.35 | S223: =R223-I223 -> 20037.76 | T223: =O223-P223-Q223 -> -4.3655746e-11
A224: CO103 | B224: =IF(F224>0,"O","X") -> O | C224: =IF(G224>0,"O","X") -> O | D224: =IF(H224>0,"O","X") -> O | E224: OPEN | F224: =VLOOKUP($A:$A,Data_sheet_PTD!$M:$DZ,VLOOKUP($B$2,Summary!$V$4:$AA$15,F$1,0),0) -> 19622.01 | G224: =VLOOKUP($A:$A,Data_sheet_PTD!$M:$DZ,VLOOKUP($B$2,Summary!$V$4:$AA$15,G$1,0),0) -> 22798.21 | H224: =VLOOKUP($A:$A,Data_sheet_PTD!$M:$DZ,VLOOKUP($B$2,Summary!$V$4:$AA$15,H$1,0),0) -> 26132.55 | I224: =H224-G224 -> 3334.34 | J224: =VLOOKUP($A:$A,Data_sheet_PTD!$M:$DZ,VLOOKUP($B$2,Summary!$V$4:$AA$15,J$1,0),0) -> 3334.34 | K224: =VLOOKUP($A:$A,Data_sheet_PTD!$M:$DZ,VLOOKUP($B$2,Summary!$V$4:$AA$15,K$1,0),0) -> 0 | L224: =VLOOKUP($A:$A,Data_sheet_YTD!$M:$DZ,VLOOKUP($B$2,Summary!$V$4:$AA$15,L$1,0),0) -> 434088.19 | M224: =VLOOKUP($A:$A,Data_sheet_YTD!$M:$DZ,VLOOKUP($B$2,Summary!$V$4:$AA$15,M$1,0),0) -> 506072.31 | N224: =VLOOKUP($A:$A,Data_sheet_YTD!$M:$DZ,VLOOKUP($B$2,Summary!$V$4:$AA$15,N$1,0),0) -> 564319.58 | O224: =N224-M224 -> 58247.27 | P224: =VLOOKUP($A:$A,Data_sheet_YTD!$M:$DZ,VLOOKUP($B$2,Summary!$V$4:$AA$15,P$1,0),0) -> 58247.27 | Q224: =VLOOKUP($A:$A,Data_sheet_YTD!$M:$DZ,VLOOKUP($B$2,Summary!$V$4:$AA$15,Q$1,0),0) -> 0 | R224: 13679.56 | S224: =R224-I224 -> 10345.22 | T224: =O224-P224-Q224 -> 3.6379788e-11
A225: CO104 | B225: =IF(F225>0,"O","X") -> O | C225: =IF(G225>0,"O","X") -> O | D225: =IF(H225>0,"O","X") -> O | E225: OPEN | F225: =VLOOKUP($A:$A,Data_sheet_PTD!$M:$DZ,VLOOKUP($B$2,Summary!$V$4:$AA$15,F$1,0),0) -> 25340.19 | G225: =VLOOKUP($A:$A,Data_sheet_PTD!$M:$DZ,VLOOKUP($B$2,Summary!$V$4:$AA$15,G$1,0),0) -> 31275.35 | H225: =VLOOKUP($A:$A,Data_sheet_PTD!$M:$DZ,VLOOKUP($B$2,Summary!$V$4:$AA$15,H$1,0),0) -> 33378.4 | I225: =H225-G225 -> 2103.05 | J225: =VLOOKUP($A:$A,Data_sheet_PTD!$M:$DZ,VLOOKUP($B$2,Summary!$V$4:$AA$15,J$1,0),0) -> 2103.05 | K225: =VLOOKUP($A:$A,Data_sheet_PTD!$M:$DZ,VLOOKUP($B$2,Summary!$V$4:$AA$15,K$1,0),0) -> 0 | L225: =VLOOKUP($A:$A,Data_sheet_YTD!$M:$DZ,VLOOKUP($B$2,Summary!$V$4:$AA$15,L$1,0),0) -> 550382.92 | M225: =VLOOKUP($A:$A,Data_sheet_YTD!$M:$DZ,VLOOKUP($B$2,Summary!$V$4:$AA$15,M$1,0),0) -> 633337.58 | N225: =VLOOKUP($A:$A,Data_sheet_YTD!$M:$DZ,VLOOKUP($B$2,Summary!$V$4:$AA$15,N$1,0),0) -> 696977.92 | O225: =N225-M225 -> 63640.34 | P225: =VLOOKUP($A:$A,Data_sheet_YTD!$M:$DZ,VLOOKUP($B$2,Summary!$V$4:$AA$15,P$1,0),0) -> 63640.34 | Q225: =VLOOKUP($A:$A,Data_sheet_YTD!$M:$DZ,VLOOKUP($B$2,Summary!$V$4:$AA$15,Q$1,0),0) -> 0 | R225: 16896.67 | S225: =R225-I225 -> 14793.62 | T225: =O225-P225-Q225 -> 8.0035534e-11
A226: FL101 | B226: =IF(F226>0,"O","X") -> X | C226: =IF(G226>0,"O","X") -> X | D226: =IF(H226>0,"O","X") -> X | E226: CLOSED | F226: =VLOOKUP($A:$A,Data_sheet_PTD!$M:$DZ,VLOOKUP($B$2,Summary!$V$4:$AA$15,F$1,0),0) -> 0 | G226: =VLOOKUP($A:$A,Data_sheet_PTD!$M:$DZ,VLOOKUP($B$2,Summary!$V$4:$AA$15,G$1,0),0) -> 0 | H226: =VLOOKUP($A:$A,Data_sheet_PTD!$M:$DZ,VLOOKUP($B$2,Summary!$V$4:$AA$15,H$1,0),0) -> 0 | I226: =H226-G226 -> 0 | J226: =VLOOKUP($A:$A,Data_sheet_PTD!$M:$DZ,VLOOKUP($B$2,Summary!$V$4:$AA$15,J$1,0),0) -> 0 | K226: =VLOOKUP($A:$A,Data_sheet_PTD!$M:$DZ,VLOOKUP($B$2,Summary!$V$4:$AA$15,K$1,0),0) -> 0 | L226: =VLOOKUP($A:$A,Data_sheet_YTD!$M:$DZ,VLOOKUP($B$2,Summary!$V$4:$AA$15,L$1,0),0) -> 0 | M226: =VLOOKUP($A:$A,Data_sheet_YTD!$M:$DZ,VLOOKUP($B$2,Summary!$V$4:$AA$15,M$1,0),0) -> 0 | N226: =VLOOKUP($A:$A,Data_sheet_YTD!$M:$DZ,VLOOKUP($B$2,Summary!$V$4:$AA$15,N$1,0),0) -> 0 | O226: =N226-M226 -> 0 | P226: =VLOOKUP($A:$A,Data_sheet_YTD!$M:$DZ,VLOOKUP($B$2,Summary!$V$4:$AA$15,P$1,0),0) -> 0 | Q226: =VLOOKUP($A:$A,Data_sheet_YTD!$M:$DZ,VLOOKUP($B$2,Summary!$V$4:$AA$15,Q$1,0),0) -> 0 | R226: 0 | S226: =R226-I226 -> 0 | T226: =O226-P226-Q226 -> 0
A227: FL102 | B227: =IF(F227>0,"O","X") -> X | C227: =IF(G227>0,"O","X") -> X | D227: =IF(H227>0,"O","X") -> X | E227: CLOSED | F227: =VLOOKUP($A:$A,Data_sheet_PTD!$M:$DZ,VLOOKUP($B$2,Summary!$V$4:$AA$15,F$1,0),0) -> 0 | G227: =VLOOKUP($A:$A,Data_sheet_PTD!$M:$DZ,VLOOKUP($B$2,Summary!$V$4:$AA$15,G$1,0),0) -> 0 | H227: =VLOOKUP($A:$A,Data_sheet_PTD!$M:$DZ,VLOOKUP($B$2,Summary!$V$4:$AA$15,H$1,0),0) -> 0 | I227: =H227-G227 -> 0 | J227: =VLOOKUP($A:$A,Data_sheet_PTD!$M:$DZ,VLOOKUP($B$2,Summary!$V$4:$AA$15,J$1,0),0) -> 0 | K227: =VLOOKUP($A:$A,Data_sheet_PTD!$M:$DZ,VLOOKUP($B$2,Summary!$V$4:$AA$15,K$1,0),0) -> 0 | L227: =VLOOKUP($A:$A,Data_sheet_YTD!$M:$DZ,VLOOKUP($B$2,Summary!$V$4:$AA$15,L$1,0),0) -> 0 | M227: =VLOOKUP($A:$A,Data_sheet_YTD!$M:$DZ,VLOOKUP($B$2,Summary!$V$4:$AA$15,M$1,0),0) -> 0 | N227: =VLOOKUP($A:$A,Data_sheet_YTD!$M:$DZ,VLOOKUP($B$2,Summary!$V$4:$AA$15,N$1,0),0) -> 0 | O227: =N227-M227 -> 0 | P227: =VLOOKUP($A:$A,Data_sheet_YTD!$M:$DZ,VLOOKUP($B$2,Summary!$V$4:$AA$15,P$1,0),0) -> 0 | Q227: =VLOOKUP($A:$A,Data_sheet_YTD!$M:$DZ,VLOOKUP($B$2,Summary!$V$4:$AA$15,Q$1,0),0) -> 0 | R227: 0 | S227: =R227-I227 -> 0 | T227: =O227-P227-Q227 -> 0
A228: FL103 | B228: =IF(F228>0,"O","X") -> X | C228: =IF(G228>0,"O","X") -> X | D228: =IF(H228>0,"O","X") -> X | E228: CLOSED | F228: =VLOOKUP($A:$A,Data_sheet_PTD!$M:$DZ,VLOOKUP($B$2,Summary!$V$4:$AA$15,F$1,0),0) -> 0 | G228: =VLOOKUP($A:$A,Data_sheet_PTD!$M:$DZ,VLOOKUP($B$2,Summary!$V$4:$AA$15,G$1,0),0) -> 0 | H228: =VLOOKUP($A:$A,Data_sheet_PTD!$M:$DZ,VLOOKUP($B$2,Summary!$V$4:$AA$15,H$1,0),0) -> 0 | I228: =H228-G228 -> 0 | J228: =VLOOKUP($A:$A,Data_sheet_PTD!$M:$DZ,VLOOKUP($B$2,Summary!$V$4:$AA$15,J$1,0),0) -> 0 | K228: =VLOOKUP($A:$A,Data_sheet_PTD!$M:$DZ,VLOOKUP($B$2,Summary!$V$4:$AA$15,K$1,0),0) -> 0 | L228: =VLOOKUP($A:$A,Data_sheet_YTD!$M:$DZ,VLOOKUP($B$2,Summary!$V$4:$AA$15,L$1,0),0) -> 0 | M228: =VLOOKUP($A:$A,Data_sheet_YTD!$M:$DZ,VLOOKUP($B$2,Summary!$V$4:$AA$15,M$1,0),0) -> 0 | N228: =VLOOKUP($A:$A,Data_sheet_YTD!$M:$DZ,VLOOKUP($B$2,Summary!$V$4:$AA$15,N$1,0),0) -> 0 | O228: =N228-M228 -> 0 | P228: =VLOOKUP($A:$A,Data_sheet_YTD!$M:$DZ,VLOOKUP($B$2,Summary!$V$4:$AA$15,P$1,0),0) -> 0 | Q228: =VLOOKUP($A:$A,Data_sheet_YTD!$M:$DZ,VLOOKUP($B$2,Summary!$V$4:$AA$15,Q$1,0),0) -> 0 | R228: 0 | S228: =R228-I228 -> 0 | T228: =O228-P228-Q228 -> 0
A229: FL104 | B229: =IF(F229>0,"O","X") -> X | C229: =IF(G229>0,"O","X") -> X | D229: =IF(H229>0,"O","X") -> X | E229: CLOSED | F229: =VLOOKUP($A:$A,Data_sheet_PTD!$M:$DZ,VLOOKUP($B$2,Summary!$V$4:$AA$15,F$1,0),0) -> 0 | G229: =VLOOKUP($A:$A,Data_sheet_PTD!$M:$DZ,VLOOKUP($B$2,Summary!$V$4:$AA$15,G$1,0),0) -> 0 | H229: =VLOOKUP($A:$A,Data_sheet_PTD!$M:$DZ,VLOOKUP($B$2,Summary!$V$4:$AA$15,H$1,0),0) -> 0 | I229: =H229-G229 -> 0 | J229: =VLOOKUP($A:$A,Data_sheet_PTD!$M:$DZ,VLOOKUP($B$2,Summary!$V$4:$AA$15,J$1,0),0) -> 0 | K229: =VLOOKUP($A:$A,Data_sheet_PTD!$M:$DZ,VLOOKUP($B$2,Summary!$V$4:$AA$15,K$1,0),0) -> 0 | L229: =VLOOKUP($A:$A,Data_sheet_YTD!$M:$DZ,VLOOKUP($B$2,Summary!$V$4:$AA$15,L$1,0),0) -> 0 | M229: =VLOOKUP($A:$A,Data_sheet_YTD!$M:$DZ,VLOOKUP($B$2,Summary!$V$4:$AA$15,M$1,0),0) -> 0 | N229: =VLOOKUP($A:$A,Data_sheet_YTD!$M:$DZ,VLOOKUP($B$2,Summary!$V$4:$AA$15,N$1,0),0) -> 0 | O229: =N229-M229 -> 0 | P229: =VLOOKUP($A:$A,Data_sheet_YTD!$M:$DZ,VLOOKUP($B$2,Summary!$V$4:$AA$15,P$1,0),0) -> 0 | Q229: =VLOOKUP($A:$A,Data_sheet_YTD!$M:$DZ,VLOOKUP($B$2,Summary!$V$4:$AA$15,Q$1,0),0) -> 0 | R229: 0 | S229: =R229-I229 -> 0 | T229: =O229-P229-Q229 -> 0
A230: FL105 | B230: =IF(F230>0,"O","X") -> X | C230: =IF(G230>0,"O","X") -> X | D230: =IF(H230>0,"O","X") -> X | E230: CLOSED | F230: =VLOOKUP($A:$A,Data_sheet_PTD!$M:$DZ,VLOOKUP($B$2,Summary!$V$4:$AA$15,F$1,0),0) -> 0 | G230: =VLOOKUP($A:$A,Data_sheet_PTD!$M:$DZ,VLOOKUP($B$2,Summary!$V$4:$AA$15,G$1,0),0) -> 0 | H230: =VLOOKUP($A:$A,Data_sheet_PTD!$M:$DZ,VLOOKUP($B$2,Summary!$V$4:$AA$15,H$1,0),0) -> 0 | I230: =H230-G230 -> 0 | J230: =VLOOKUP($A:$A,Data_sheet_PTD!$M:$DZ,VLOOKUP($B$2,Summary!$V$4:$AA$15,J$1,0),0) -> 0 | K230: =VLOOKUP($A:$A,Data_sheet_PTD!$M:$DZ,VLOOKUP($B$2,Summary!$V$4:$AA$15,K$1,0),0) -> 0 | L230: =VLOOKUP($A:$A,Data_sheet_YTD!$M:$DZ,VLOOKUP($B$2,Summary!$V$4:$AA$15,L$1,0),0) -> 0 | M230: =VLOOKUP($A:$A,Data_sheet_YTD!$M:$DZ,VLOOKUP($B$2,Summary!$V$4:$AA$15,M$1,0),0) -> 0 | N230: =VLOOKUP($A:$A,Data_sheet_YTD!$M:$DZ,VLOOKUP($B$2,Summary!$V$4:$AA$15,N$1,0),0) -> 0 | O230: =N230-M230 -> 0 | P230: =VLOOKUP($A:$A,Data_sheet_YTD!$M:$DZ,VLOOKUP($B$2,Summary!$V$4:$AA$15,P$1,0),0) -> 0 | Q230: =VLOOKUP($A:$A,Data_sheet_YTD!$M:$DZ,VLOOKUP($B$2,Summary!$V$4:$AA$15,Q$1,0),0) -> 0 | R230: 0 | S230: =R230-I230 -> 0 | T230: =O230-P230-Q230 -> 0
A231: FL106 | B231: =IF(F231>0,"O","X") -> X | C231: =IF(G231>0,"O","X") -> X | D231: =IF(H231>0,"O","X") -> X | E231: CLOSED | F231: =VLOOKUP($A:$A,Data_sheet_PTD!$M:$DZ,VLOOKUP($B$2,Summary!$V$4:$AA$15,F$1,0),0) -> 0 | G231: =VLOOKUP($A:$A,Data_sheet_PTD!$M:$DZ,VLOOKUP($B$2,Summary!$V$4:$AA$15,G$1,0),0) -> 0 | H231: =VLOOKUP($A:$A,Data_sheet_PTD!$M:$DZ,VLOOKUP($B$2,Summary!$V$4:$AA$15,H$1,0),0) -> 0 | I231: =H231-G231 -> 0 | J231: =VLOOKUP($A:$A,Data_sheet_PTD!$M:$DZ,VLOOKUP($B$2,Summary!$V$4:$AA$15,J$1,0),0) -> 0 | K231: =VLOOKUP($A:$A,Data_sheet_PTD!$M:$DZ,VLOOKUP($B$2,Summary!$V$4:$AA$15,K$1,0),0) -> 0 | L231: =VLOOKUP($A:$A,Data_sheet_YTD!$M:$DZ,VLOOKUP($B$2,Summary!$V$4:$AA$15,L$1,0),0) -> 0 | M231: =VLOOKUP($A:$A,Data_sheet_YTD!$M:$DZ,VLOOKUP($B$2,Summary!$V$4:$AA$15,M$1,0),0) -> 0 | N231: =VLOOKUP($A:$A,Data_sheet_YTD!$M:$DZ,VLOOKUP($B$2,Summary!$V$4:$AA$15,N$1,0),0) -> 0 | O231: =N231-M231 -> 0 | P231: =VLOOKUP($A:$A,Data_sheet_YTD!$M:$DZ,VLOOKUP($B$2,Summary!$V$4:$AA$15,P$1,0),0) -> 0 | Q231: =VLOOKUP($A:$A,Data_sheet_YTD!$M:$DZ,VLOOKUP($B$2,Summary!$V$4:$AA$15,Q$1,0),0) -> 0 | R231: 0 | S231: =R231-I231 -> 0 | T231: =O231-P231-Q231 -> 0
A232: FL108 | B232: =IF(F232>0,"O","X") -> X | C232: =IF(G232>0,"O","X") -> X | D232: =IF(H232>0,"O","X") -> X | E232: CLOSED | F232: =VLOOKUP($A:$A,Data_sheet_PTD!$M:$DZ,VLOOKUP($B$2,Summary!$V$4:$AA$15,F$1,0),0) -> 0 | G232: =VLOOKUP($A:$A,Data_sheet_PTD!$M:$DZ,VLOOKUP($B$2,Summary!$V$4:$AA$15,G$1,0),0) -> 0 | H232: =VLOOKUP($A:$A,Data_sheet_PTD!$M:$DZ,VLOOKUP($B$2,Summary!$V$4:$AA$15,H$1,0),0) -> 0 | I232: =H232-G232 -> 0 | J232: =VLOOKUP($A:$A,Data_sheet_PTD!$M:$DZ,VLOOKUP($B$2,Summary!$V$4:$AA$15,J$1,0),0) -> 0 | K232: =VLOOKUP($A:$A,Data_sheet_PTD!$M:$DZ,VLOOKUP($B$2,Summary!$V$4:$AA$15,K$1,0),0) -> 0 | L232: =VLOOKUP($A:$A,Data_sheet_YTD!$M:$DZ,VLOOKUP($B$2,Summary!$V$4:$AA$15,L$1,0),0) -> 0 | M232: =VLOOKUP($A:$A,Data_sheet_YTD!$M:$DZ,VLOOKUP($B$2,Summary!$V$4:$AA$15,M$1,0),0) -> 0 | N232: =VLOOKUP($A:$A,Data_sheet_YTD!$M:$DZ,VLOOKUP($B$2,Summary!$V$4:$AA$15,N$1,0),0) -> 0 | O232: =N232-M232 -> 0 | P232: =VLOOKUP($A:$A,Data_sheet_YTD!$M:$DZ,VLOOKUP($B$2,Summary!$V$4:$AA$15,P$1,0),0) -> 0 | Q232: =VLOOKUP($A:$A,Data_sheet_YTD!$M:$DZ,VLOOKUP($B$2,Summary!$V$4:$AA$15,Q$1,0),0) -> 0 | R232: 0 | S232: =R232-I232 -> 0 | T232: =O232-P232-Q232 -> 0
A233: FL109 | B233: =IF(F233>0,"O","X") -> X | C233: =IF(G233>0,"O","X") -> X | D233: =IF(H233>0,"O","X") -> X | E233: CLOSED | F233: =VLOOKUP($A:$A,Data_sheet_PTD!$M:$DZ,VLOOKUP($B$2,Summary!$V$4:$AA$15,F$1,0),0) -> 0 | G233: =VLOOKUP($A:$A,Data_sheet_PTD!$M:$DZ,VLOOKUP($B$2,Summary!$V$4:$AA$15,G$1,0),0) -> 0 | H233: =VLOOKUP($A:$A,Data_sheet_PTD!$M:$DZ,VLOOKUP($B$2,Summary!$V$4:$AA$15,H$1,0),0) -> 0 | I233: =H233-G233 -> 0 | J233: =VLOOKUP($A:$A,Data_sheet_PTD!$M:$DZ,VLOOKUP($B$2,Summary!$V$4:$AA$15,J$1,0),0) -> 0 | K233: =VLOOKUP($A:$A,Data_sheet_PTD!$M:$DZ,VLOOKUP($B$2,Summary!$V$4:$AA$15,K$1,0),0) -> 0 | L233: =VLOOKUP($A:$A,Data_sheet_YTD!$M:$DZ,VLOOKUP($B$2,Summary!$V$4:$AA$15,L$1,0),0) -> 0 | M233: =VLOOKUP($A:$A,Data_sheet_YTD!$M:$DZ,VLOOKUP($B$2,Summary!$V$4:$AA$15,M$1,0),0) -> 0 | N233: =VLOOKUP($A:$A,Data_sheet_YTD!$M:$DZ,VLOOKUP($B$2,Summary!$V$4:$AA$15,N$1,0),0) -> 0 | O233: =N233-M233 -> 0 | P233: =VLOOKUP($A:$A,Data_sheet_YTD!$M:$DZ,VLOOKUP($B$2,Summary!$V$4:$AA$15,P$1,0),0) -> 0 | Q233: =VLOOKUP($A:$A,Data_sheet_YTD!$M:$DZ,VLOOKUP($B$2,Summary!$V$4:$AA$15,Q$1,0),0) -> 0 | R233: 0 | S233: =R233-I233 -> 0 | T233: =O233-P233-Q233 -> 0
... A250: NJ109 | B250: =IF(F250>0,"O","X") -> O | C250: =IF(G250>0,"O","X") -> O | D250: =IF(H250>0,"O","X") -> O | E250: OPEN | F250: =VLOOKUP($A:$A,Data_sheet_PTD!$M:$DZ,VLOOKUP($B$2,Summary!$V$4:$AA$15,F$1,0),0) -> 38737.69 | G250: =VLOOKUP($A:$A,Data_sheet_PTD!$M:$DZ,VLOOKUP($B$2,Summary!$V$4:$AA$15,G$1,0),0) -> 44771.73 | H250: =VLOOKUP($A:$A,Data_sheet_PTD!$M:$DZ,VLOOKUP($B$2,Summary!$V$4:$AA$15,H$1,0),0) -> 44285.85 | I250: =H250-G250 -> -485.88 | J250: =VLOOKUP($A:$A,Data_sheet_PTD!$M:$DZ,VLOOKUP($B$2,Summary!$V$4:$AA$15,J$1,0),0) -> -485.88 | K250: =VLOOKUP($A:$A,Data_sheet_PTD!$M:$DZ,VLOOKUP($B$2,Summary!$V$4:$AA$15,K$1,0),0) -> 0 | L250: =VLOOKUP($A:$A,Data_sheet_YTD!$M:$DZ,VLOOKUP($B$2,Summary!$V$4:$AA$15,L$1,0),0) -> 799054.56 | M250: =VLOOKUP($A:$A,Data_sheet_YTD!$M:$DZ,VLOOKUP($B$2,Summary!$V$4:$AA$15,M$1,0),0) -> 1008886.9 | N250: =VLOOKUP($A:$A,Data_sheet_YTD!$M:$DZ,VLOOKUP($B$2,Summary!$V$4:$AA$15,N$1,0),0) -> 1090804.6 | O250: =N250-M250 -> 81917.67 | P250: =VLOOKUP($A:$A,Data_sheet_YTD!$M:$DZ,VLOOKUP($B$2,Summary!$V$4:$AA$15,P$1,0),0) -> 81917.67 | Q250: =VLOOKUP($A:$A,Data_sheet_YTD!$M:$DZ,VLOOKUP($B$2,Summary!$V$4:$AA$15,Q$1,0),0) -> 0 | R250: 22570.84 | S250: =R250-I250 -> 23056.72 | T250: =O250-P250-Q250 -> 1.7462298e-10
A251: NJ110 | B251: =IF(F251>0,"O","X") -> X | C251: X | D251: =IF(H251>0,"O","X") -> O | E251: CLOSED | F251: =VLOOKUP($A:$A,Data_sheet_PTD!$M:$DZ,VLOOKUP($B$2,Summary!$V$4:$AA$15,F$1,0),0) -> 0 | G251: =VLOOKUP($A:$A,Data_sheet_PTD!$M:$DZ,VLOOKUP($B$2,Summary!$V$4:$AA$15,G$1,0),0) -> 19518.05 | H251: =VLOOKUP($A:$A,Data_sheet_PTD!$M:$DZ,VLOOKUP($B$2,Summary!$V$4:$AA$15,H$1,0),0) -> 18465.16 | I251: =H251-G251 -> -1052.89 | J251: =VLOOKUP($A:$A,Data_sheet_PTD!$M:$DZ,VLOOKUP($B$2,Summary!$V$4:$AA$15,J$1,0),0) -> -1052.89 | K251: =VLOOKUP($A:$A,Data_sheet_PTD!$M:$DZ,VLOOKUP($B$2,Summary!$V$4:$AA$15,K$1,0),0) -> 0 | L251: =VLOOKUP($A:$A,Data_sheet_YTD!$M:$DZ,VLOOKUP($B$2,Summary!$V$4:$AA$15,L$1,0),0) -> 0 | M251: =VLOOKUP($A:$A,Data_sheet_YTD!$M:$DZ,VLOOKUP($B$2,Summary!$V$4:$AA$15,M$1,0),0) -> 270726.61 | N251: =VLOOKUP($A:$A,Data_sheet_YTD!$M:$DZ,VLOOKUP($B$2,Summary!$V$4:$AA$15,N$1,0),0) -> 383290.31 | O251: =N251-M251 -> 112563.7 | P251: =VLOOKUP($A:$A,Data_sheet_YTD!$M:$DZ,VLOOKUP($B$2,Summary!$V$4:$AA$15,P$1,0),0) -> 112563.7 | Q251: =VLOOKUP($A:$A,Data_sheet_YTD!$M:$DZ,VLOOKUP($B$2,Summary!$V$4:$AA$15,Q$1,0),0) -> 0 | R251: 0 | S251: =R251-I251 -> 1052.89 | T251: =O251-P251-Q251 -> -4.3655746e-11
A252: NV101 | B252: =IF(F252>0,"O","X") -> O | C252: =IF(G252>0,"O","X") -> O | D252: =IF(H252>0,"O","X") -> O | E252: OPEN | F252: =VLOOKUP($A:$A,Data_sheet_PTD!$M:$DZ,VLOOKUP($B$2,Summary!$V$4:$AA$15,F$1,0),0) -> 63015.05 | G252: =VLOOKUP($A:$A,Data_sheet_PTD!$M:$DZ,VLOOKUP($B$2,Summary!$V$4:$AA$15,G$1,0),0) -> 88684.71 | H252: =VLOOKUP($A:$A,Data_sheet_PTD!$M:$DZ,VLOOKUP($B$2,Summary!$V$4:$AA$15,H$1,0),0) -> 93262.07 | I252: =H252-G252 -> 4577.36 | J252: =VLOOKUP($A:$A,Data_sheet_PTD!$M:$DZ,VLOOKUP($B$2,Summary!$V$4:$AA$15,J$1,0),0) -> 691.44042 | K252: =VLOOKUP($A:$A,Data_sheet_PTD!$M:$DZ,VLOOKUP($B$2,Summary!$V$4:$AA$15,K$1,0),0) -> 3885.9196 | L252: =VLOOKUP($A:$A,Data_sheet_YTD!$M:$DZ,VLOOKUP($B$2,Summary!$V$4:$AA$15,L$1,0),0) -> 1123645.8 | M252: =VLOOKUP($A:$A,Data_sheet_YTD!$M:$DZ,VLOOKUP($B$2,Summary!$V$4:$AA$15,M$1,0),0) -> 1318982.7 | N252: =VLOOKUP($A:$A,Data_sheet_YTD!$M:$DZ,VLOOKUP($B$2,Summary!$V$4:$AA$15,N$1,0),0) -> 1415077 | O252: =N252-M252 -> 96094.24 | P252: =VLOOKUP($A:$A,Data_sheet_YTD!$M:$DZ,VLOOKUP($B$2,Summary!$V$4:$AA$15,P$1,0),0) -> 78447.851 | Q252: =VLOOKUP($A:$A,Data_sheet_YTD!$M:$DZ,VLOOKUP($B$2,Summary!$V$4:$AA$15,Q$1,0),0) -> 17646.389 | R252: 6693.91 | S252: =R252-I252 -> 2116.55 | T252: =O252-P252-Q252 -> 0
A253: NV102 | B253: =IF(F253>0,"O","X") -> O | C253: =IF(G253>0,"O","X") -> O | D253: =IF(H253>0,"O","X") -> O | E253: OPEN | F253: =VLOOKUP($A:$A,Data_sheet_PTD!$M:$DZ,VLOOKUP($B$2,Summary!$V$4:$AA$15,F$1,0),0) -> 38860.29 | G253: =VLOOKUP($A:$A,Data_sheet_PTD!$M:$DZ,VLOOKUP($B$2,Summary!$V$4:$AA$15,G$1,0),0) -> 32573.63 | H253: =VLOOKUP($A:$A,Data_sheet_PTD!$M:$DZ,VLOOKUP($B$2,Summary!$V$4:$AA$15,H$1,0),0) -> 44480.7 | I253: =H253-G253 -> 11907.07 | J253: =VLOOKUP($A:$A,Data_sheet_PTD!$M:$DZ,VLOOKUP($B$2,Summary!$V$4:$AA$15,J$1,0),0) -> 9854.1146 | K253: =VLOOKUP($A:$A,Data_sheet_PTD!$M:$DZ,VLOOKUP($B$2,Summary!$V$4:$AA$15,K$1,0),0) -> 2052.9554 | L253: =VLOOKUP($A:$A,Data_sheet_YTD!$M:$DZ,VLOOKUP($B$2,Summary!$V$4:$AA$15,L$1,0),0) -> 725567.2 | M253: =VLOOKUP($A:$A,Data_sheet_YTD!$M:$DZ,VLOOKUP($B$2,Summary!$V$4:$AA$15,M$1,0),0) -> 837510.28 | N253: =VLOOKUP($A:$A,Data_sheet_YTD!$M:$DZ,VLOOKUP($B$2,Summary!$V$4:$AA$15,N$1,0),0) -> 866465.97 | O253: =N253-M253 -> 28955.69 | P253: =VLOOKUP($A:$A,Data_sheet_YTD!$M:$DZ,VLOOKUP($B$2,Summary!$V$4:$AA$15,P$1,0),0) -> 18911.098 | Q253: =VLOOKUP($A:$A,Data_sheet_YTD!$M:$DZ,VLOOKUP($B$2,Summary!$V$4:$AA$15,Q$1,0),0) -> 10044.592 | R253: 6222.48 | S253: =R253-I253 -> -5684.59 | T253: =O253-P253-Q253 -> 1.8735591e-10
A254: NV103 | B254: =IF(F254>0,"O","X") -> O | C254: =IF(G254>0,"O","X") -> O | D254: =IF(H254>0,"O","X") -> O | E254: OPEN | F254: =VLOOKUP($A:$A,Data_sheet_PTD!$M:$DZ,VLOOKUP($B$2,Summary!$V$4:$AA$15,F$1,0),0) -> 49917.78 | G254: =VLOOKUP($A:$A,Data_sheet_PTD!$M:$DZ,VLOOKUP($B$2,Summary!$V$4:$AA$15,G$1,0),0) -> 43315.71 | H254: =VLOOKUP($A:$A,Data_sheet_PTD!$M:$DZ,VLOOKUP($B$2,Summary!$V$4:$AA$15,H$1,0),0) -> 58738.46 | I254: =H254-G254 -> 15422.75 | J254: =VLOOKUP($A:$A,Data_sheet_PTD!$M:$DZ,VLOOKUP($B$2,Summary!$V$4:$AA$15,J$1,0),0) -> 15422.75 | K254: =VLOOKUP($A:$A,Data_sheet_PTD!$M:$DZ,VLOOKUP($B$2,Summary!$V$4:$AA$15,K$1,0),0) -> 0 | L254: =VLOOKUP($A:$A,Data_sheet_YTD!$M:$DZ,VLOOKUP($B$2,Summary!$V$4:$AA$15,L$1,0),0) -> 887915.26 | M254: =VLOOKUP($A:$A,Data_sheet_YTD!$M:$DZ,VLOOKUP($B$2,Summary!$V$4:$AA$15,M$1,0),0) -> 959873.23 | N254: =VLOOKUP($A:$A,Data_sheet_YTD!$M:$DZ,VLOOKUP($B$2,Summary!$V$4:$AA$15,N$1,0),0) -> 1028252 | O254: =N254-M254 -> 68378.8 | P254: =VLOOKUP($A:$A,Data_sheet_YTD!$M:$DZ,VLOOKUP($B$2,Summary!$V$4:$AA$15,P$1,0),0) -> 70513.294 | Q254: =VLOOKUP($A:$A,Data_sheet_YTD!$M:$DZ,VLOOKUP($B$2,Summary!$V$4:$AA$15,Q$1,0),0) -> -2134.4942 | R254: 10109.13 | S254: =R254-I254 -> -5313.62 | T254: =O254-P254-Q254 -> -8.9130481e-11
A255: NV104 | B255: =IF(F255>0,"O","X") -> O | C255: =IF(G255>0,"O","X") -> O | D255: =IF(H255>0,"O","X") -> O | E255: OPEN | F255: =VLOOKUP($A:$A,Data_sheet_PTD!$M:$DZ,VLOOKUP($B$2,Summary!$V$4:$AA$15,F$1,0),0) -> 47354.24 | G255: =VLOOKUP($A:$A,Data_sheet_PTD!$M:$DZ,VLOOKUP($B$2,Summary!$V$4:$AA$15,G$1,0),0) -> 50395.04 | H255: =VLOOKUP($A:$A,Data_sheet_PTD!$M:$DZ,VLOOKUP($B$2,Summary!$V$4:$AA$15,H$1,0),0) -> 62462.94 | I255: =H255-G255 -> 12067.9 | J255: =VLOOKUP($A:$A,Data_sheet_PTD!$M:$DZ,VLOOKUP($B$2,Summary!$V$4:$AA$15,J$1,0),0) -> 9184.9951 | K255: =VLOOKUP($A:$A,Data_sheet_PTD!$M:$DZ,VLOOKUP($B$2,Summary!$V$4:$AA$15,K$1,0),0) -> 2882.9049 | L255: =VLOOKUP($A:$A,Data_sheet_YTD!$M:$DZ,VLOOKUP($B$2,Summary!$V$4:$AA$15,L$1,0),0) -> 888347.4 | M255: =VLOOKUP($A:$A,Data_sheet_YTD!$M:$DZ,VLOOKUP($B$2,Summary!$V$4:$AA$15,M$1,0),0) -> 974023.34 | N255: =VLOOKUP($A:$A,Data_sheet_YTD!$M:$DZ,VLOOKUP($B$2,Summary!$V$4:$AA$15,N$1,0),0) -> 1079672.5 | O255: =N255-M255 -> 105649.12 | P255: =VLOOKUP($A:$A,Data_sheet_YTD!$M:$DZ,VLOOKUP($B$2,Summary!$V$4:$AA$15,P$1,0),0) -> 92728.561 | Q255: =VLOOKUP($A:$A,Data_sheet_YTD!$M:$DZ,VLOOKUP($B$2,Summary!$V$4:$AA$15,Q$1,0),0) -> 12920.559 | R255: 12955 | S255: =R255-I255 -> 887.1 | T255: =O255-P255-Q255 -> -2.4374458e-10
A256: NV105 | B256: =IF(F256>0,"O","X") -> O | C256: =IF(G256>0,"O","X") -> O | D256: =IF(H256>0,"O","X") -> O | E256: OPEN | F256: =VLOOKUP($A:$A,Data_sheet_PTD!$M:$DZ,VLOOKUP($B$2,Summary!$V$4:$AA$15,F$1,0),0) -> 55945.19 | G256: =VLOOKUP($A:$A,Data_sheet_PTD!$M:$DZ,VLOOKUP($B$2,Summary!$V$4:$AA$15,G$1,0),0) -> 68566.93 | H256: =VLOOKUP($A:$A,Data_sheet_PTD!$M:$DZ,VLOOKUP($B$2,Summary!$V$4:$AA$15,H$1,0),0) -> 57752.95 | I256: =H256-G256 -> -10813.98 | J256: =VLOOKUP($A:$A,Data_sheet_PTD!$M:$DZ,VLOOKUP($B$2,Summary!$V$4:$AA$15,J$1,0),0) -> -13479.501 | K256: =VLOOKUP($A:$A,Data_sheet_PTD!$M:$DZ,VLOOKUP($B$2,Summary!$V$4:$AA$15,K$1,0),0) -> 2665.5208 | L256: =VLOOKUP($A:$A,Data_sheet_YTD!$M:$DZ,VLOOKUP($B$2,Summary!$V$4:$AA$15,L$1,0),0) -> 1159784.9 | M256: =VLOOKUP($A:$A,Data_sheet_YTD!$M:$DZ,VLOOKUP($B$2,Summary!$V$4:$AA$15,M$1,0),0) -> 1351753.6 | N256: =VLOOKUP($A:$A,Data_sheet_YTD!$M:$DZ,VLOOKUP($B$2,Summary!$V$4:$AA$15,N$1,0),0) -> 1400927.2 | O256: =N256-M256 -> 49173.51 | P256: =VLOOKUP($A:$A,Data_sheet_YTD!$M:$DZ,VLOOKUP($B$2,Summary!$V$4:$AA$15,P$1,0),0) -> 33552.034 | Q256: =VLOOKUP($A:$A,Data_sheet_YTD!$M:$DZ,VLOOKUP($B$2,Summary!$V$4:$AA$15,Q$1,0),0) -> 15621.476 | R256: 6891.27 | S256: =R256-I256 -> 17705.25 | T256: =O256-P256-Q256 -> -2.910383e-11
A257: NV106 | B257: =IF(F257>0,"O","X") -> X | C257: =IF(G257>0,"O","X") -> X | D257: =IF(H257>0,"O","X") -> X | E257: CLOSED | F257: =VLOOKUP($A:$A,Data_sheet_PTD!$M:$DZ,VLOOKUP($B$2,Summary!$V$4:$AA$15,F$1,0),0) -> 0 | G257: =VLOOKUP($A:$A,Data_sheet_PTD!$M:$DZ,VLOOKUP($B$2,Summary!$V$4:$AA$15,G$1,0),0) -> 0 | H257: =VLOOKUP($A:$A,Data_sheet_PTD!$M:$DZ,VLOOKUP($B$2,Summary!$V$4:$AA$15,H$1,0),0) -> 0 | I257: =H257-G257 -> 0 | J257: =VLOOKUP($A:$A,Data_sheet_PTD!$M:$DZ,VLOOKUP($B$2,Summary!$V$4:$AA$15,J$1,0),0) -> 0 | K257: =VLOOKUP($A:$A,Data_sheet_PTD!$M:$DZ,VLOOKUP($B$2,Summary!$V$4:$AA$15,K$1,0),0) -> 0 | L257: =VLOOKUP($A:$A,Data_sheet_YTD!$M:$DZ,VLOOKUP($B$2,Summary!$V$4:$AA$15,L$1,0),0) -> 0 | M257: =VLOOKUP($A:$A,Data_sheet_YTD!$M:$DZ,VLOOKUP($B$2,Summary!$V$4:$AA$15,M$1,0),0) -> 0 | N257: =VLOOKUP($A:$A,Data_sheet_YTD!$M:$DZ,VLOOKUP($B$2,Summary!$V$4:$AA$15,N$1,0),0) -> 0 | O257: =N257-M257 -> 0 | P257: =VLOOKUP($A:$A,Data_sheet_YTD!$M:$DZ,VLOOKUP($B$2,Summary!$V$4:$AA$15,P$1,0),0) -> 0 | Q257: =VLOOKUP($A:$A,Data_sheet_YTD!$M:$DZ,VLOOKUP($B$2,Summary!$V$4:$AA$15,Q$1,0),0) -> 0 | R257: 0 | S257: =R257-I257 -> 0 | T257: =O257-P257-Q257 -> 0
A258: NV107 | B258: =IF(F258>0,"O","X") -> O | C258: =IF(G258>0,"O","X") -> O | D258: =IF(H258>0,"O","X") -> O | E258: OPEN | F258: =VLOOKUP($A:$A,Data_sheet_PTD!$M:$DZ,VLOOKUP($B$2,Summary!$V$4:$AA$15,F$1,0),0) -> 58689.25 | G258: =VLOOKUP($A:$A,Data_sheet_PTD!$M:$DZ,VLOOKUP($B$2,Summary!$V$4:$AA$15,G$1,0),0) -> 55245.15 | H258: =VLOOKUP($A:$A,Data_sheet_PTD!$M:$DZ,VLOOKUP($B$2,Summary!$V$4:$AA$15,H$1,0),0) -> 77788.22 | I258: =H258-G258 -> 22543.07 | J258: =VLOOKUP($A:$A,Data_sheet_PTD!$M:$DZ,VLOOKUP($B$2,Summary!$V$4:$AA$15,J$1,0),0) -> 22543.07 | K258: =VLOOKUP($A:$A,Data_sheet_PTD!$M:$DZ,VLOOKUP($B$2,Summary!$V$4:$AA$15,K$1,0),0) -> 0 | L258: =VLOOKUP($A:$A,Data_sheet_YTD!$M:$DZ,VLOOKUP($B$2,Summary!$V$4:$AA$15,L$1,0),0) -> 1033410.2 | M258: =VLOOKUP($A:$A,Data_sheet_YTD!$M:$DZ,VLOOKUP($B$2,Summary!$V$4:$AA$15,M$1,0),0) -> 1180584.5 | N258: =VLOOKUP($A:$A,Data_sheet_YTD!$M:$DZ,VLOOKUP($B$2,Summary!$V$4:$AA$15,N$1,0),0) -> 1428193.8 | O258: =N258-M258 -> 247609.29 | P258: =VLOOKUP($A:$A,Data_sheet_YTD!$M:$DZ,VLOOKUP($B$2,Summary!$V$4:$AA$15,P$1,0),0) -> 203013.65 | Q258: =VLOOKUP($A:$A,Data_sheet_YTD!$M:$DZ,VLOOKUP($B$2,Summary!$V$4:$AA$15,Q$1,0),0) -> 44595.642 | R258: 23556 | S258: =R258-I258 -> 1012.93 | T258: =O258-P258-Q258 -> 0
A259: NV108 | B259: =IF(F259>0,"O","X") -> O | C259: =IF(G259>0,"O","X") -> O | D259: =IF(H259>0,"O","X") -> O | E259: OPEN | F259: =VLOOKUP($A:$A,Data_sheet_PTD!$M:$DZ,VLOOKUP($B$2,Summary!$V$4:$AA$15,F$1,0),0) -> 40564.77 | G259: =VLOOKUP($A:$A,Data_sheet_PTD!$M:$DZ,VLOOKUP($B$2,Summary!$V$4:$AA$15,G$1,0),0) -> 47687.8 | H259: =VLOOKUP($A:$A,Data_sheet_PTD!$M:$DZ,VLOOKUP($B$2,Summary!$V$4:$AA$15,H$1,0),0) -> 53889.16 | I259: =H259-G259 -> 6201.36 | J259: =VLOOKUP($A:$A,Data_sheet_PTD!$M:$DZ,VLOOKUP($B$2,Summary!$V$4:$AA$15,J$1,0),0) -> 4517.3237 | K259: =VLOOKUP($A:$A,Data_sheet_PTD!$M:$DZ,VLOOKUP($B$2,Summary!$V$4:$AA$15,K$1,0),0) -> 1684.0363 | L259: =VLOOKUP($A:$A,Data_sheet_YTD!$M:$DZ,VLOOKUP($B$2,Summary!$V$4:$AA$15,L$1,0),0) -> 770086.9 | M259: =VLOOKUP($A:$A,Data_sheet_YTD!$M:$DZ,VLOOKUP($B$2,Summary!$V$4:$AA$15,M$1,0),0) -> 940849.17 | N259: =VLOOKUP($A:$A,Data_sheet_YTD!$M:$DZ,VLOOKUP($B$2,Summary!$V$4:$AA$15,N$1,0),0) -> 1036410.6 | O259: =N259-M259 -> 95561.45 | P259: =VLOOKUP($A:$A,Data_sheet_YTD!$M:$DZ,VLOOKUP($B$2,Summary!$V$4:$AA$15,P$1,0),0) -> 64644.229 | Q259: =VLOOKUP($A:$A,Data_sheet_YTD!$M:$DZ,VLOOKUP($B$2,Summary!$V$4:$AA$15,Q$1,0),0) -> 30917.221 | R259: 21127.53 | S259: =R259-I259 -> 14926.17 | T259: =O259-P259-Q259 -> 5.0931703e-11
...

Sheet Playbook by FZ
B2: CA168
B3: SSS | C3: January | D3: February | E3: March | F3: April | G3: May | H3: June | I3: July | J3: August | K3: September | L3: October | M3: November | N3: December | O3: YTD
B4: Total
B5: Volume
B6: Price

Sheet Data_sheet_PTD
M1: 1 | N1: 2 | O1: 3 | P1: 4 | Q1: 5 | R1: 6 | S1: 7 | T1: 8 | U1: 9 | V1: 10 | W1: 11 | X1: 12 | Y1: 13 | Z1: 14 | AA1: 15 | AB1: 16 | AC1: 17 | AD1: 18 | AE1: 19 | AF1: 20 | AG1: 21 | AH1: 22 | AI1: 23 | AJ1: 24 | AK1: 25 | AL1: 26 | AM1: 27 | AN1: 28 | AO1: 29 | AP1: 30 | AQ1: 31 | AR1: 32 | AS1: 33 | AT1: 34 | AU1: 35 | AV1: 36 | AW1: 37 | AX1: 38 | AY1: 39 | AZ1: 40 | BA1: 41 | BB1: 42 | BC1: 43 | BD1: 44 | BE1: 45 | BF1: 46 | BG1: 47 | BH1: 48 | BI1: 49 | BJ1: 50 | BK1: 51 | BL1: 52 | BM1: 53 | BN1: 54 | BO1: 55 | BP1: 56 | BQ1: 57 | BR1: 58 | BS1: 59 | BT1: 60 | BU1: 61 | BV1: 62 | BW1: 63 | BX1: 64 | BY1: 65 | BZ1: 66 | CA1: 67 | CB1: 68 | CC1: 69 | CD1: 70 | CE1: 71 | CF1: 72 | CG1: 73 | CH1: 74 | CI1: 75 | CJ1: 76 | CK1: 77 | CL1: 78 | CM1: 79 | CN1: 80 | CO1: 81 | CP1: 82 | CQ1: 83 | CR1: 84 | CS1: 85 | CT1: 86 | CU1: 87 | CV1: 88 | CW1: 89 | CX1: 90 | CY1: 91 | CZ1: 92 | DA1: 93 | DB1: 94 | DC1: 95 | DD1: 96 | DE1: 97 | DF1: 98 | DG1: 99 | DH1: 100 | DI1: 101 | DJ1: 102 | DK1: 103 | DL1: 104 | DM1: 105 | DN1: 106 | DO1: 107 | DP1: 108 | DQ1: 109 | DR1: 110 | DS1: 111 | DT1: 112 | DU1: 113 | DV1: 114 | DW1: 115 | DX1: 116 | DY1: 117 | DZ1: 118
N2: 2022 | O2: 2022 | P2: 2022 | Q2: 2022 | R2: 2022 | S2: 2022 | T2: 2022 | U2: 2022 | V2: 2022 | W2: 2022 | X2: 2022 | Y2: 2022 | Z2: Manual | AA2: 2023 | AB2: 2023 | AC2: 2023 | AD2: 2023 | AE2: 2023 | AF2: 2023 | AG2: 2023 | AH2: 2023 | AI2: 2023 | AJ2: 2023 | AK2: 2023 | AL2: 2023 | AM2: Manual | AN2: 2024 | AO2: 2024 | AP2: 2024 | AQ2: 2024 | AR2: 2024 | AS2: 2024 | AT2: 2024 | AU2: 2024 | AV2: 2024 | AW2: 2024 | AX2: 2024 | AY2: 2024 | AZ2: Manual | BA2: 50 | BB2: 51 | BC2: 52 | BD2: 53 | BE2: 54 | BF2: 55 | BG2: 56 | BH2: 57 | BI2: 58 | BJ2: 59 | BK2: 60 | BL2: 61 | BM2: Manual | BN2: 62 | BO2: 63 | BP2: 64 | BQ2: 65 | BR2: 66 | BS2: 67 | BT2: 68 | BU2: 69 | BV2: 70 | BW2: 71 | BX2: 72 | BY2: 73 | BZ2: Manual | CA2: oz | CB2: oz | CC2: oz | CM2: Manual | CN2: oz | CO2: oz | CP2: oz | CZ2: Manual | DM2: Manual | DZ2: Manual
N3: January | O3: February | P3: March | Q3: April | R3: May | S3: June | T3: July | U3: August | V3: September | W3: October | X3: November | Y3: December | AA3: January | AB3: February | AC3: March | AD3: April | AE3: May | AF3: June | AG3: July | AH3: August | AI3: September | AJ3: October | AK3: November | AL3: December | AN3: January | AO3: February | AP3: March | AQ3: April | AR3: May | AS3: June | AT3: July | AU3: August | AV3: September | AW3: October | AX3: November | AY3: December | BA3: January | BB3: February | BC3: March | BD3: April | BE3: May | BF3: June | BG3: July | BH3: August | BI3: September | BJ3: October | BK3: November | BL3: December | BN3: January | BO3: February | BP3: March | BQ3: April | BR3: May | BS3: June | BT3: July | BU3: August | BV3: September | BW3: October | BX3: November | BY3: December | CA3: January | CB3: February | CC3: March | CD3: April | CE3: May | CF3: June | CG3: July | CH3: August | CI3: September | CJ3: October | CK3: November | CL3: December | CN3: January | CO3: February | CP3: March | CQ3: April | CR3: May | CS3: June | CT3: July | CU3: August | CV3: September | CW3: October | CX3: November | CY3: December | DA3: January | DB3: February | DC3: March | DD3: April | DE3: May | DF3: June | DG3: July | DH3: August | DI3: September | DJ3: October | DK3: November | DL3: December | DM3: vs | DN3: January | DO3: February | DP3: March | DQ3: April | DR3: May | DS3: June | DT3: July | DU3: August | DV3: September | DW3: October | DX3: November | DY3: December | DZ3: vs | EB3: TEST
E4: 43525 | F4: 44986 | M4: StoreID | N4: Sales 1/2023 | O4: Sales 2/2023 | P4: Sales 3/2023 | Q4: Sales 4/2023 | R4: Sales 5/2023 | S4: Sales 6/2023 | T4: Sales 7/2023 | U4: Sales 8/2023 | V4: Sales 9/2023 | W4: Sales 10/2023 | X4: Sales 11/2023 | Y4: Sales 12/2023 | Z4: YTD | AA4: Sales 1/2024 | AB4: Sales 2/2024 | AC4: Sales 3/2024 | AD4: Sales 4/2024 | AE4: Sales 5/2024 | AF4: Sales 6/2024 | AG4: Sales 7/2024 | AH4: Sales 8/2024 | AI4: Sales 9/2024 | AJ4: Sales 10/2024 | AK4: Sales 11/2024 | AL4: Sales 12/2024 | AM4: YTD | AN4: Sales 1/2025 | AO4: Sales 2/2025 | AP4: Sales 3/2025 | AQ4: Sales 4/2025 | AR4: Sales 5/2025 | AS4: Sales 6/2025 | AT4: Sales 7/2025 | AU4: Sales 8/2025 | AV4: Sales 9/2025 | AW4: Sales 10/2025 | AX4: Sales 11/2025 | AY4: Sales 12/2025 | AZ4: YTD | BA4: Price 1/2024 | BB4: Price 2/2024 | BC4: Price 3/2024 | BD4: Price 4/2024 | BE4: Price 5/2024 | BF4: Price 6/2024 | BG4: Price 7/2024 | BH4: Price 8/2024 | BI4: Price 9/2024 | BJ4: Price 10/2024 | BK4: Price 11/2024 | BL4: Price 12/2024 | BM4: YTD | BN4: Price 1/2025 | BO4: Price 2/2025 | BP4: Price 3/2025 | BQ4: Price 4/2025 | BR4: Price 5/2025 | BS4: Price 6/2025 | BT4: Price 7/2025 | BU4: Price 8/2025 | BV4: Price 9/2025 | BW4: Price 10/2025 | BX4: Price 11/2025 | BY4: Price 12/2025 | BZ4: YTD | CA4: Vol 1/2024 | CB4: Vol 2/2024 | CC4: Vol 3/2024 | CD4: Vol 4/2024 | CE4: Vol 5/2024 | CF4: Vol 6/2024 | CG4: Vol 7/2024 | CH4: Vol 8/2024 | CI4: Vol 9/2024 | CJ4: Vol 10/2024 | CK4: Vol 11/2024 | CL4: Vol 12/2024 | CM4: YTD | CN4: Vol 1/2025 | CO4: Vol 2/2025 | CP4: Vol 3/2025 | CQ4: Vol 4/2025 | CR4: Vol 5/2025 | CS4: Vol 6/2025 | CT4: Vol 7/2025 | CU4: Vol 8/2025 | CV4: Vol 9/2025 | CW4: Vol 10/2025 | CX4: Vol 11/2025 | CY4: Vol 12/2025 | CZ4: YTD | DA4: Vol Delta 1/2024 | DB4: Vol Delta 2/2024 | DC4: Vol Delta 3/2024 | DD4: Vol Delta 4/2024 | DE4: Vol Delta 5/2024 | DF4: Vol Delta 6/2024 | DG4: Vol Delta 7/2024 | DH4: Vol Delta 8/2024 | DI4: Vol Delta 9/2024 | DJ4: Vol Delta 10/2024 | DK4: Vol Delta 11/2024 | DL4: Vol Delta 12/2024 | DM4: YTD | DN4: P Delta 1/2024 | DO4: P Delta 2/2024 | DP4: P Delta 3/2024 | DQ4: P Delta 4/2024 | DR4: P Delta 5/2024 | DS4: P Delta 6/2024 | DT4: P Delta 7/2024 | DU4: P Delta 8/2024 | DV4: P Delta 9/2024 | DW4: P Delta 10/2024 | DX4: P Delta 11/2024 | DY4: P Delta 12/2024 | DZ4: YTD
C5: CA101 | D5: Volume | E5: =E7/E6 -> 192.30769 | F5: =F7/F6 -> 203.38983 | G5: =(F5-E5) -> 11.082138 | H5: =G5*E6 -> 5.7627119 | I5: Volue Delta x Original Price | M5: AZ102 | N5: =IFERROR(VLOOKUP($M:$M,'Data 2'!$C:$R,'Data 2'!E$1,0),0) -> 0 | O5: =IFERROR(VLOOKUP($M:$M,'Data 2'!$C:$R,'Data 2'!F$1,0),0) -> 0 | P5: =IFERROR(VLOOKUP($M:$M,'Data 2'!$C:$R,'Data 2'!G$1,0),0) -> 0 | Q5: =IFERROR(VLOOKUP($M:$M,'Data 2'!$C:$R,'Data 2'!H$1,0),0) -> 0 | R5: =IFERROR(VLOOKUP($M:$M,'Data 2'!$C:$R,'Data 2'!I$1,0),0) -> 0 | S5: =IFERROR(VLOOKUP($M:$M,'Data 2'!$C:$R,'Data 2'!J$1,0),0) -> 0 | T5: =IFERROR(VLOOKUP($M:$M,'Data 2'!$C:$R,'Data 2'!K$1,0),0) -> 0 | U5: =IFERROR(VLOOKUP($M:$M,'Data 2'!$C:$R,'Data 2'!L$1,0),0) -> 0 | ... Y5: =IFERROR(VLOOKUP($M:$M,'Data 2'!$C:$R,'Data 2'!P$1,0),0) -> 0 | Z5: =SUM(N5:Q5) -> 0 | AA5: =IFERROR(VLOOKUP($M:$M,'Data 2'!$U:$AI,'Data 2'!W$1,0),0) -> 0 | AB5: =IFERROR(VLOOKUP($M:$M,'Data 2'!$U:$AI,'Data 2'!X$1,0),0) -> 0 | AC5: =IFERROR(VLOOKUP($M:$M,'Data 2'!$U:$AI,'Data 2'!Y$1,0),0) -> 0 | AD5: =IFERROR(VLOOKUP($M:$M,'Data 2'!$U:$AI,'Data 2'!Z$1,0),0) -> 0 | AE5: =IFERROR(VLOOKUP($M:$M,'Data 2'!$U:$AI,'Data 2'!AA$1,0),0) -> 0 | AF5: =IFERROR(VLOOKUP($M:$M,'Data 2'!$U:$AI,'Data 2'!AB$1,0),0) -> 0 | AG5: =IFERROR(VLOOKUP($M:$M,'Data 2'!$U:$AI,'Data 2'!AC$1,0),0) -> 0 | AH5: =IFERROR(VLOOKUP($M:$M,'Data 2'!$U:$AI,'Data 2'!AD$1,0),0) -> 0 | ... AL5: =IFERROR(VLOOKUP($M:$M,'Data 2'!$U:$AI,'Data 2'!AH$1,0),0) -> 0 | AM5: =SUM(AA5:AL5) -> 0 | AN5: =IFERROR(VLOOKUP($M:$M,'Data 2'!$AP:$BE,'Data 2'!AR$1,0),0) -> 0 | AO5: =IFERROR(VLOOKUP($M:$M,'Data 2'!$AP:$BE,'Data 2'!AS$1,0),0) -> 0 | AP5: =IFERROR(VLOOKUP($M:$M,'Data 2'!$AP:$BE,'Data 2'!AT$1,0),0) -> 0 | AQ5: =IFERROR(VLOOKUP($M:$M,'Data 2'!$AP:$BE,'Data 2'!AU$1,0),0) -> 0 | AR5: =IFERROR(VLOOKUP($M:$M,'Data 2'!$AP:$BE,'Data 2'!AV$1,0),0) -> 0 | AS5: =IFERROR(VLOOKUP($M:$M,'Data 2'!$AP:$BE,'Data 2'!AW$1,0),0) -> 0 | AT5: =IFERROR(VLOOKUP($M:$M,'Data 2'!$AP:$BE,'Data 2'!AX$1,0),0) -> 0 | AU5: =IFERROR(VLOOKUP($M:$M,'Data 2'!$AP:$BE,'Data 2'!AY$1,0),0) -> 0 | ... AY5: =IFERROR(VLOOKUP($M:$M,'Data 2'!$AP:$BE,'Data 2'!BC$1,0),0) -> 0 | AZ5: =SUM(AN5:AY5) -> 0 | BA5: =IF(AA5=0,0,IFERROR(VLOOKUP($M:$M,'Price_Per_Oz_01.2019~'!$A:$CQ,Data_sheet_PTD!BA$2,0),0)) -> 0 | BB5: =IF(AB5=0,0,IFERROR(VLOOKUP($M:$M,'Price_Per_Oz_01.2019~'!$A:$CQ,Data_sheet_PTD!BB$2,0),0)) -> 0 | BC5: =IF(AC5=0,0,IFERROR(VLOOKUP($M:$M,'Price_Per_Oz_01.2019~'!$A:$CQ,Data_sheet_PTD!BC$2,0),0)) -> 0 | BD5: =IF(AD5=0,0,IFERROR(VLOOKUP($M:$M,'Price_Per_Oz_01.2019~'!$A:$CQ,Data_sheet_PTD!BD$2,0),0)) -> 0 | BE5: =IF(AE5=0,0,IFERROR(VLOOKUP($M:$M,'Price_Per_Oz_01.2019~'!$A:$CQ,Data_sheet_PTD!BE$2,0),0)) -> 0 | BF5: =IF(AF5=0,0,IFERROR(VLOOKUP($M:$M,'Price_Per_Oz_01.2019~'!$A:$CQ,Data_sheet_PTD!BF$2,0),0)) -> 0 | BG5: =IF(AG5=0,0,IFERROR(VLOOKUP($M:$M,'Price_Per_Oz_01.2019~'!$A:$CQ,Data_sheet_PTD!BG$2,0),0)) -> 0 | BH5: =IF(AH5=0,0,IFERROR(VLOOKUP($M:$M,'Price_Per_Oz_01.2019~'!$A:$CQ,Data_sheet_PTD!BH$2,0),0)) -> 0 | ... BL5: =IF(AL5=0,0,IFERROR(VLOOKUP($M:$M,'Price_Per_Oz_01.2019~'!$A:$CQ,Data_sheet_PTD!BL$2,0),0)) -> 0 | BM5: =BH5 -> 0 | BN5: =IF(AN5=0,0,IFERROR(VLOOKUP($M:$M,'Price_Per_Oz_01.2019~'!$A:$CQ,Data_sheet_PTD!BN$2,0),0)) -> 0 | BO5: =IF(AO5=0,0,IFERROR(VLOOKUP($M:$M,'Price_Per_Oz_01.2019~'!$A:$CQ,Data_sheet_PTD!BO$2,0),0)) -> 0 | BP5: =IF(AP5=0,0,IFERROR(VLOOKUP($M:$M,'Price_Per_Oz_01.2019~'!$A:$CQ,Data_sheet_PTD!BP$2,0),0)) -> 0 | BQ5: =IF(AQ5=0,0,IFERROR(VLOOKUP($M:$M,'Price_Per_Oz_01.2019~'!$A:$CQ,Data_sheet_PTD!BQ$2,0),0)) -> 0 | BR5: =IF(AR5=0,0,IFERROR(VLOOKUP($M:$M,'Price_Per_Oz_01.2019~'!$A:$CQ,Data_sheet_PTD!BR$2,0),0)) -> 0 | BS5: =IF(AS5=0,0,IFERROR(VLOOKUP($M:$M,'Price_Per_Oz_01.2019~'!$A:$CQ,Data_sheet_PTD!BS$2,0),0)) -> 0 | BT5: =IF(AT5=0,0,IFERROR(VLOOKUP($M:$M,'Price_Per_Oz_01.2019~'!$A:$CQ,Data_sheet_PTD!BT$2,0),0)) -> 0 | BU5: =IF(AU5=0,0,IFERROR(VLOOKUP($M:$M,'Price_Per_Oz_01.2019~'!$A:$CQ,Data_sheet_PTD!BU$2,0),0)) -> 0 | ... BY5: =IF(AY5=0,0,IFERROR(VLOOKUP($M:$M,'Price_Per_Oz_01.2019~'!$A:$CQ,Data_sheet_PTD!BY$2,0),0)) -> 0 | BZ5: =BU5 -> 0 | CA5: =IF(OR(AA5=0,BA5=0),0,AA5/BA5) -> 0 | CB5: =IF(OR(AB5=0,BB5=0),0,AB5/BB5) -> 0 | CC5: =IF(OR(AC5=0,BC5=0),0,AC5/BC5) -> 0 | CD5: =IF(OR(AD5=0,BD5=0),0,AD5/BD5) -> 0 | CE5: =IF(OR(AE5=0,BE5=0),0,AE5/BE5) -> 0 | CF5: =IF(OR(AF5=0,BF5=0),0,AF5/BF5) -> 0 | CG5: =IF(OR(AG5=0,BG5=0),0,AG5/BG5) -> 0 | CH5: =IF(OR(AH5=0,BH5=0),0,AH5/BH5) -> 0 | ... CL5: =IF(OR(AL5=0,BL5=0),0,AL5/BL5) -> 0 | CM5: =SUM(CA5:CL5) -> 0 | CN5: =IF(OR(AN5=0,BN5=0),0,AN5/BN5) -> 0 | CO5: =IF(OR(AO5=0,BO5=0),0,AO5/BO5) -> 0 | CP5: =IF(OR(AP5=0,BP5=0),0,AP5/BP5) -> 0 | CQ5: =IF(OR(AQ5=0,BQ5=0),0,AQ5/BQ5) -> 0 | CR5: =IF(OR(AR5=0,BR5=0),0,AR5/BR5) -> 0 | CS5: =IF(OR(AS5=0,BS5=0),0,AS5/BS5) -> 0 | CT5: =IF(OR(AT5=0,BT5=0),0,AT5/BT5) -> 0 | CU5: =IF(OR(AU5=0,BU5=0),0,AU5/BU5) -> 0 | ... CY5: =IF(OR(AY5=0,BY5=0),0,AY5/BY5) -> 0 | CZ5: =SUM(CN5:CY5) -> 0 | DA5: =IF(OR(CN5=0,CA5=0),AN5-AA5,(CN5-CA5)*BA5) -> 0 | DB5: =IF(OR(CO5=0,CB5=0),AO5-AB5,(CO5-CB5)*BB5) -> 0 | DC5: =IF(OR(CP5=0,CC5=0),AP5-AC5,(CP5-CC5)*BC5) -> 0 | DD5: =IF(OR(CQ5=0,CD5=0),AQ5-AD5,(CQ5-CD5)*BD5) -> 0 | DE5: =IF(OR(CR5=0,CE5=0),AR5-AE5,(CR5-CE5)*BE5) -> 0 | DF5: =IF(OR(CS5=0,CF5=0),AS5-AF5,(CS5-CF5)*BF5) -> 0 | DG5: =IF(OR(CT5=0,CG5=0),AT5-AG5,(CT5-CG5)*BG5) -> 0 | DH5: =IF(OR(CU5=0,CH5=0),AU5-AH5,(CU5-CH5)*BH5) -> 0 | ... DL5: =IF(OR(CY5=0,CL5=0),AY5-AL5,(CY5-CL5)*BL5) -> 0 | DM5: =SUM(DA5:DB5) -> 0 | DN5: =IF(OR(AA5=0,AN5=0),0,(BN5-BA5)*CN5) -> 0 | DO5: =IF(OR(AB5=0,AO5=0),0,(BO5-BB5)*CO5) -> 0 | DP5: =IF(OR(AC5=0,AP5=0),0,(BP5-BC5)*CP5) -> 0 | DQ5: =IF(OR(AD5=0,AQ5=0),0,(BQ5-BD5)*CQ5) -> 0 | DR5: =IF(OR(AE5=0,AR5=0),0,(BR5-BE5)*CR5) -> 0 | DS5: =IF(OR(AF5=0,AS5=0),0,(BS5-BF5)*CS5) -> 0 | DT5: =IF(OR(AG5=0,AT5=0),0,(BT5-BG5)*CT5) -> 0 | DU5: =IF(OR(AH5=0,AU5=0),0,(BU5-BH5)*CU5) -> 0 | ... DY5: =IF(OR(AL5=0,AY5=0),0,(BY5-BL5)*CY5) -> 0 | DZ5: =SUM(DN5:DY5) -> 0 | EB5: =(AN5-AA5)-(DA5+DN5) -> 0 | EC5: =(AO5-AB5)-(DB5+DO5) -> 0 | ED5: =(AP5-AC5)-(DC5+DP5) -> 0 | EE5: =(AQ5-AD5)-(DD5+DQ5) -> 0 | EF5: =(AR5-AE5)-(DE5+DR5) -> 0 | EG5: =(AS5-AF5)-(DF5+DS5) -> 0 | EH5: =(AT5-AG5)-(DG5+DT5) -> 0 | EI5: =(AU5-AH5)-(DH5+DU5) -> 0 | ... EM5: =(AY5-AL5)-(DL5+DY5) -> 0
D6: Price | E6: 0.52 | F6: 0.59 | G6: =F6-E6 -> 0.07 | H6: =G6*F5 -> 14.237288 | I6: Price Delta x Latest Volume | M6: AZ103 | N6: =IFERROR(VLOOKUP($M:$M,'Data 2'!$C:$R,'Data 2'!E$1,0),0) -> 57849.91 | O6: =IFERROR(VLOOKUP($M:$M,'Data 2'!$C:$R,'Data 2'!F$1,0),0) -> 66617.82 | P6: =IFERROR(VLOOKUP($M:$M,'Data 2'!$C:$R,'Data 2'!G$1,0),0) -> 84510.87 | Q6: =IFERROR(VLOOKUP($M:$M,'Data 2'!$C:$R,'Data 2'!H$1,0),0) -> 82024.36 | R6: =IFERROR(VLOOKUP($M:$M,'Data 2'!$C:$R,'Data 2'!I$1,0),0) -> 72262.96 | S6: =IFERROR(VLOOKUP($M:$M,'Data 2'!$C:$R,'Data 2'!J$1,0),0) -> 89909.68 | T6: =IFERROR(VLOOKUP($M:$M,'Data 2'!$C:$R,'Data 2'!K$1,0),0) -> 97852.77 | U6: =IFERROR(VLOOKUP($M:$M,'Data 2'!$C:$R,'Data 2'!L$1,0),0) -> 76418.15 | ... Y6: =IFERROR(VLOOKUP($M:$M,'Data 2'!$C:$R,'Data 2'!P$1,0),0) -> 40125.18 | Z6: =SUM(N6:Q6) -> 291002.96 | AA6: =IFERROR(VLOOKUP($M:$M,'Data 2'!$U:$AI,'Data 2'!W$1,0),0) -> 57878.25 | AB6: =IFERROR(VLOOKUP($M:$M,'Data 2'!$U:$AI,'Data 2'!X$1,0),0) -> 73683.65 | AC6: =IFERROR(VLOOKUP($M:$M,'Data 2'!$U:$AI,'Data 2'!Y$1,0),0) -> 100171.54 | AD6: =IFERROR(VLOOKUP($M:$M,'Data 2'!$U:$AI,'Data 2'!Z$1,0),0) -> 96511.28 | AE6: =IFERROR(VLOOKUP($M:$M,'Data 2'!$U:$AI,'Data 2'!AA$1,0),0) -> 107446.7 | AF6: =IFERROR(VLOOKUP($M:$M,'Data 2'!$U:$AI,'Data 2'!AB$1,0),0) -> 112702.07 | AG6: =IFERROR(VLOOKUP($M:$M,'Data 2'!$U:$AI,'Data 2'!AC$1,0),0) -> 99684.57 | AH6: =IFERROR(VLOOKUP($M:$M,'Data 2'!$U:$AI,'Data 2'!AD$1,0),0) -> 88055.6 | ... AL6: =IFERROR(VLOOKUP($M:$M,'Data 2'!$U:$AI,'Data 2'!AH$1,0),0) -> 53617.92 | AM6: =SUM(AA6:AL6) -> 1003308.2 | AN6: =IFERROR(VLOOKUP($M:$M,'Data 2'!$AP:$BE,'Data 2'!AR$1,0),0) -> 62682.27 | AO6: =IFERROR(VLOOKUP($M:$M,'Data 2'!$AP:$BE,'Data 2'!AS$1,0),0) -> 81769.09 | AP6: =IFERROR(VLOOKUP($M:$M,'Data 2'!$AP:$BE,'Data 2'!AT$1,0),0) -> 94966.5 | AQ6: =IFERROR(VLOOKUP($M:$M,'Data 2'!$AP:$BE,'Data 2'!AU$1,0),0) -> 100834.5 | AR6: =IFERROR(VLOOKUP($M:$M,'Data 2'!$AP:$BE,'Data 2'!AV$1,0),0) -> 111406.4 | AS6: =IFERROR(VLOOKUP($M:$M,'Data 2'!$AP:$BE,'Data 2'!AW$1,0),0) -> 106448.76 | AT6: =IFERROR(VLOOKUP($M:$M,'Data 2'!$AP:$BE,'Data 2'!AX$1,0),0) -> 103080.02 | AU6: =IFERROR(VLOOKUP($M:$M,'Data 2'!$AP:$BE,'Data 2'!AY$1,0),0) -> 102897.77 | ... AY6: =IFERROR(VLOOKUP($M:$M,'Data 2'!$AP:$BE,'Data 2'!BC$1,0),0) -> 58017.83 | AZ6: =SUM(AN6:AY6) -> 1051113.7 | BA6: =IF(AA6=0,0,IFERROR(VLOOKUP($M:$M,'Price_Per_Oz_01.2019~'!$A:$CQ,Data_sheet_PTD!BA$2,0),0)) -> 0.67 | BB6: =IF(AB6=0,0,IFERROR(VLOOKUP($M:$M,'Price_Per_Oz_01.2019~'!$A:$CQ,Data_sheet_PTD!BB$2,0),0)) -> 0.67 | BC6: =IF(AC6=0,0,IFERROR(VLOOKUP($M:$M,'Price_Per_Oz_01.2019~'!$A:$CQ,Data_sheet_PTD!BC$2,0),0)) -> 0.67 | BD6: =IF(AD6=0,0,IFERROR(VLOOKUP($M:$M,'Price_Per_Oz_01.2019~'!$A:$CQ,Data_sheet_PTD!BD$2,0),0)) -> 0.67 | BE6: =IF(AE6=0,0,IFERROR(VLOOKUP($M:$M,'Price_Per_Oz_01.2019~'!$A:$CQ,Data_sheet_PTD!BE$2,0),0)) -> 0.67 | BF6: =IF(AF6=0,0,IFERROR(VLOOKUP($M:$M,'Price_Per_Oz_01.2019~'!$A:$CQ,Data_sheet_PTD!BF$2,0),0)) -> 0.67 | BG6: =IF(AG6=0,0,IFERROR(VLOOKUP($M:$M,'Price_Per_Oz_01.2019~'!$A:$CQ,Data_sheet_PTD!BG$2,0),0)) -> 0.69 | BH6: =IF(AH6=0,0,IFERROR(VLOOKUP($M:$M,'Price_Per_Oz_01.2019~'!$A:$CQ,Data_sheet_PTD!BH$2,0),0)) -> 0.69 | ... BL6: =IF(AL6=0,0,IFERROR(VLOOKUP($M:$M,'Price_Per_Oz_01.2019~'!$A:$CQ,Data_sheet_PTD!BL$2,0),0)) -> 0.69 | BM6: =BH6 -> 0.69 | BN6: =IF(AN6=0,0,IFERROR(VLOOKUP($M:$M,'Price_Per_Oz_01.2019~'!$A:$CQ,Data_sheet_PTD!BN$2,0),0)) -> 0.69 | BO6: =IF(AO6=0,0,IFERROR(VLOOKUP($M:$M,'Price_Per_Oz_01.2019~'!$A:$CQ,Data_sheet_PTD!BO$2,0),0)) -> 0.69 | BP6: =IF(AP6=0,0,IFERROR(VLOOKUP($M:$M,'Price_Per_Oz_01.2019~'!$A:$CQ,Data_sheet_PTD!BP$2,0),0)) -> 0.69 | BQ6: =IF(AQ6=0,0,IFERROR(VLOOKUP($M:$M,'Price_Per_Oz_01.2019~'!$A:$CQ,Data_sheet_PTD!BQ$2,0),0)) -> 0.69 | BR6: =IF(AR6=0,0,IFERROR(VLOOKUP($M:$M,'Price_Per_Oz_01.2019~'!$A:$CQ,Data_sheet_PTD!BR$2,0),0)) -> 0.69 | BS6: =IF(AS6=0,0,IFERROR(VLOOKUP($M:$M,'Price_Per_Oz_01.2019~'!$A:$CQ,Data_sheet_PTD!BS$2,0),0)) -> 0.69 | BT6: =IF(AT6=0,0,IFERROR(VLOOKUP($M:$M,'Price_Per_Oz_01.2019~'!$A:$CQ,Data_sheet_PTD!BT$2,0),0)) -> 0.69 | BU6: =IF(AU6=0,0,IFERROR(VLOOKUP($M:$M,'Price_Per_Oz_01.2019~'!$A:$CQ,Data_sheet_PTD!BU$2,0),0)) -> 0.69 | ... BY6: =IF(AY6=0,0,IFERROR(VLOOKUP($M:$M,'Price_Per_Oz_01.2019~'!$A:$CQ,Data_sheet_PTD!BY$2,0),0)) -> 0.69 | BZ6: =BU6 -> 0.69 | CA6: =IF(OR(AA6=0,BA6=0),0,AA6/BA6) -> 86385.448 | CB6: =IF(OR(AB6=0,BB6=0),0,AB6/BB6) -> 109975.6 | CC6: =IF(OR(AC6=0,BC6=0),0,AC6/BC6) -> 149509.76 | CD6: =IF(OR(AD6=0,BD6=0),0,AD6/BD6) -> 144046.69 | CE6: =IF(OR(AE6=0,BE6=0),0,AE6/BE6) -> 160368.21 | CF6: =IF(OR(AF6=0,BF6=0),0,AF6/BF6) -> 168212.04 | CG6: =IF(OR(AG6=0,BG6=0),0,AG6/BG6) -> 144470.39 | CH6: =IF(OR(AH6=0,BH6=0),0,AH6/BH6) -> 127616.81 | ... CL6: =IF(OR(AL6=0,BL6=0),0,AL6/BL6) -> 77707.13 | CM6: =SUM(CA6:CL6) -> 1477794.4 | CN6: =IF(OR(AN6=0,BN6=0),0,AN6/BN6) -> 90843.87 | CO6: =IF(OR(AO6=0,BO6=0),0,AO6/BO6) -> 118505.93 | CP6: =IF(OR(AP6=0,BP6=0),0,AP6/BP6) -> 137632.61 | CQ6: =IF(OR(AQ6=0,BQ6=0),0,AQ6/BQ6) -> 146136.96 | CR6: =IF(OR(AR6=0,BR6=0),0,AR6/BR6) -> 161458.55 | CS6: =IF(OR(AS6=0,BS6=0),0,AS6/BS6) -> 154273.57 | CT6: =IF(OR(AT6=0,BT6=0),0,AT6/BT6) -> 149391.33 | CU6: =IF(OR(AU6=0,BU6=0),0,AU6/BU6) -> 149127.2 | ... CY6: =IF(OR(AY6=0,BY6=0),0,AY6/BY6) -> 84083.812 | CZ6: =SUM(CN6:CY6) -> 1523353.1 | DA6: =IF(OR(CN6=0,CA6=0),AN6-AA6,(CN6-CA6)*BA6) -> 2987.1426 | DB6: =IF(OR(CO6=0,CB6=0),AO6-AB6,(CO6-CB6)*BB6) -> 5715.3214 | DC6: =IF(OR(CP6=0,CC6=0),AP6-AC6,(CP6-CC6)*BC6) -> -7957.6922 | DD6: =IF(OR(CQ6=0,CD6=0),AQ6-AD6,(CQ6-CD6)*BD6) -> 1400.4809 | DE6: =IF(OR(CR6=0,CE6=0),AR6-AE6,(CR6-CE6)*BE6) -> 730.52899 | DF6: =IF(OR(CS6=0,CF6=0),AS6-AF6,(CS6-CF6)*BF6) -> -9338.7813 | DG6: =IF(OR(CT6=0,CG6=0),AT6-AG6,(CT6-CG6)*BG6) -> 3395.45 | DH6: =IF(OR(CU6=0,CH6=0),AU6-AH6,(CU6-CH6)*BH6) -> 14842.17 | ... DL6: =IF(OR(CY6=0,CL6=0),AY6-AL6,(CY6-CL6)*BL6) -> 4399.91 | DM6: =SUM(DA6:DL6) -> 31628.44 | DN6: =IF(OR(AA6=0,AN6=0),0,(BN6-BA6)*CN6) -> 1816.8774 | DO6: =IF(OR(AB6=0,AO6=0),0,(BO6-BB6)*CO6) -> 2370.1186 | DP6: =IF(OR(AC6=0,AP6=0),0,(BP6-BC6)*CP6) -> 2752.6522 | DQ6: =IF(OR(AD6=0,AQ6=0),0,(BQ6-BD6)*CQ6) -> 2922.7391 | DR6: =IF(OR(AE6=0,AR6=0),0,(BR6-BE6)*CR6) -> 3229.171 | DS6: =IF(OR(AF6=0,AS6=0),0,(BS6-BF6)*CS6) -> 3085.4713 | DT6: =IF(OR(AG6=0,AT6=0),0,(BT6-BG6)*CT6) -> 0 | DU6: =IF(OR(AH6=0,AU6=0),0,(BU6-BH6)*CU6) -> 0 | ... DY6: =IF(OR(AL6=0,AY6=0),0,(BY6-BL6)*CY6) -> 0 | DZ6: =SUM(DN6:DY6) -> 16177.03 | EB6: =(AN6-AA6)-(DA6+DN6) -> 0 | EC6: =(AO6-AB6)-(DB6+DO6) -> 0 | ED6: =(AP6-AC6)-(DC6+DP6) -> -1.0913936e-11 | EE6: =(AQ6-AD6)-(DD6+DQ6) -> 0 | EF6: =(AR6-AE6)-(DE6+DR6) -> 0 | EG6: =(AS6-AF6)-(DF6+DS6) -> 1.0913936e-11 | EH6: =(AT6-AG6)-(DG6+DT6) -> 0 | EI6: =(AU6-AH6)-(DH6+DU6) -> 0 | ... EM6: =(AY6-AL6)-(DL6+DY6) -> 0
D7: Sales | E7: 100 | F7: 120 | H7: =F7-E7 -> 20 | M7: AZ104 | N7: =IFERROR(VLOOKUP($M:$M,'Data 2'!$C:$R,'Data 2'!E$1,0),0) -> 30982.57 | O7: =IFERROR(VLOOKUP($M:$M,'Data 2'!$C:$R,'Data 2'!F$1,0),0) -> 33218.76 | P7: =IFERROR(VLOOKUP($M:$M,'Data 2'!$C:$R,'Data 2'!G$1,0),0) -> 42110.38 | Q7: =IFERROR(VLOOKUP($M:$M,'Data 2'!$C:$R,'Data 2'!H$1,0),0) -> 42598.32 | R7: =IFERROR(VLOOKUP($M:$M,'Data 2'!$C:$R,'Data 2'!I$1,0),0) -> 43467.55 | S7: =IFERROR(VLOOKUP($M:$M,'Data 2'!$C:$R,'Data 2'!J$1,0),0) -> 42924.63 | T7: =IFERROR(VLOOKUP($M:$M,'Data 2'!$C:$R,'Data 2'!K$1,0),0) -> 44794.09 | U7: =IFERROR(VLOOKUP($M:$M,'Data 2'!$C:$R,'Data 2'!L$1,0),0) -> 37932.92 | ... Y7: =IFERROR(VLOOKUP($M:$M,'Data 2'!$C:$R,'Data 2'!P$1,0),0) -> 26942.3 | Z7: =SUM(N7:Q7) -> 148910.03 | AA7: =IFERROR(VLOOKUP($M:$M,'Data 2'!$U:$AI,'Data 2'!W$1,0),0) -> 31273.05 | AB7: =IFERROR(VLOOKUP($M:$M,'Data 2'!$U:$AI,'Data 2'!X$1,0),0) -> 37460.74 | AC7: =IFERROR(VLOOKUP($M:$M,'Data 2'!$U:$AI,'Data 2'!Y$1,0),0) -> 46350.57 | AD7: =IFERROR(VLOOKUP($M:$M,'Data 2'!$U:$AI,'Data 2'!Z$1,0),0) -> 48921.27 | AE7: =IFERROR(VLOOKUP($M:$M,'Data 2'!$U:$AI,'Data 2'!AA$1,0),0) -> 54256.64 | AF7: =IFERROR(VLOOKUP($M:$M,'Data 2'!$U:$AI,'Data 2'!AB$1,0),0) -> 55745.24 | AG7: =IFERROR(VLOOKUP($M:$M,'Data 2'!$U:$AI,'Data 2'!AC$1,0),0) -> 52897.15 | AH7: =IFERROR(VLOOKUP($M:$M,'Data 2'!$U:$AI,'Data 2'!AD$1,0),0) -> 47898.42 | ... AL7: =IFERROR(VLOOKUP($M:$M,'Data 2'!$U:$AI,'Data 2'!AH$1,0),0) -> 36051.48 | AM7: =SUM(AA7:AL7) -> 532448.6 | AN7: =IFERROR(VLOOKUP($M:$M,'Data 2'!$AP:$BE,'Data 2'!AR$1,0),0) -> 38042.21 | AO7: =IFERROR(VLOOKUP($M:$M,'Data 2'!$AP:$BE,'Data 2'!AS$1,0),0) -> 45702.32 | AP7: =IFERROR(VLOOKUP($M:$M,'Data 2'!$AP:$BE,'Data 2'!AT$1,0),0) -> 47819.37 | AQ7: =IFERROR(VLOOKUP($M:$M,'Data 2'!$AP:$BE,'Data 2'!AU$1,0),0) -> 50737.84 | AR7: =IFERROR(VLOOKUP($M:$M,'Data 2'!$AP:$BE,'Data 2'!AV$1,0),0) -> 55930.83 | AS7: =IFERROR(VLOOKUP($M:$M,'Data 2'!$AP:$BE,'Data 2'!AW$1,0),0) -> 53635.5 | AT7: =IFERROR(VLOOKUP($M:$M,'Data 2'!$AP:$BE,'Data 2'!AX$1,0),0) -> 50285.43 | AU7: =IFERROR(VLOOKUP($M:$M,'Data 2'!$AP:$BE,'Data 2'!AY$1,0),0) -> 51250.71 | ... AY7: =IFERROR(VLOOKUP($M:$M,'Data 2'!$AP:$BE,'Data 2'!BC$1,0),0) -> 33637.09 | AZ7: =SUM(AN7:AY7) -> 538712.66 | BA7: =IF(AA7=0,0,IFERROR(VLOOKUP($M:$M,'Price_Per_Oz_01.2019~'!$A:$CQ,Data_sheet_PTD!BA$2,0),0)) -> 0.67 | BB7: =IF(AB7=0,0,IFERROR(VLOOKUP($M:$M,'Price_Per_Oz_01.2019~'!$A:$CQ,Data_sheet_PTD!BB$2,0),0)) -> 0.67 | BC7: =IF(AC7=0,0,IFERROR(VLOOKUP($M:$M,'Price_Per_Oz_01.2019~'!$A:$CQ,Data_sheet_PTD!BC$2,0),0)) -> 0.67 | BD7: =IF(AD7=0,0,IFERROR(VLOOKUP($M:$M,'Price_Per_Oz_01.2019~'!$A:$CQ,Data_sheet_PTD!BD$2,0),0)) -> 0.67 | BE7: =IF(AE7=0,0,IFERROR(VLOOKUP($M:$M,'Price_Per_Oz_01.2019~'!$A:$CQ,Data_sheet_PTD!BE$2,0),0)) -> 0.67 | BF7: =IF(AF7=0,0,IFERROR(VLOOKUP($M:$M,'Price_Per_Oz_01.2019~'!$A:$CQ,Data_sheet_PTD!BF$2,0),0)) -> 0.67 | BG7: =IF(AG7=0,0,IFERROR(VLOOKUP($M:$M,'Price_Per_Oz_01.2019~'!$A:$CQ,Data_sheet_PTD!BG$2,0),0)) -> 0.69 | BH7: =IF(AH7=0,0,IFERROR(VLOOKUP($M:$M,'Price_Per_Oz_01.2019~'!$A:$CQ,Data_sheet_PTD!BH$2,0),0)) -> 0.69 | ... BL7: =IF(AL7=0,0,IFERROR(VLOOKUP($M:$M,'Price_Per_Oz_01.2019~'!$A:$CQ,Data_sheet_PTD!BL$2,0),0)) -> 0.69 | BM7: =BH7 -> 0.69 | BN7: =IF(AN7=0,0,IFERROR(VLOOKUP($M:$M,'Price_Per_Oz_01.2019~'!$A:$CQ,Data_sheet_PTD!BN$2,0),0)) -> 0.69 | BO7: =IF(AO7=0,0,IFERROR(VLOOKUP($M:$M,'Price_Per_Oz_01.2019~'!$A:$CQ,Data_sheet_PTD!BO$2,0),0)) -> 0.69 | BP7: =IF(AP7=0,0,IFERROR(VLOOKUP($M:$M,'Price_Per_Oz_01.2019~'!$A:$CQ,Data_sheet_PTD!BP$2,0),0)) -> 0.69 | BQ7: =IF(AQ7=0,0,IFERROR(VLOOKUP($M:$M,'Price_Per_Oz_01.2019~'!$A:$CQ,Data_sheet_PTD!BQ$2,0),0)) -> 0.69 | BR7: =IF(AR7=0,0,IFERROR(VLOOKUP($M:$M,'Price_Per_Oz_01.2019~'!$A:$CQ,Data_sheet_PTD!BR$2,0),0)) -> 0.69 | BS7: =IF(AS7=0,0,IFERROR(VLOOKUP($M:$M,'Price_Per_Oz_01.2019~'!$A:$CQ,Data_sheet_PTD!BS$2,0),0)) -> 0.69 | BT7: =IF(AT7=0,0,IFERROR(VLOOKUP($M:$M,'Price_Per_Oz_01.2019~'!$A:$CQ,Data_sheet_PTD!BT$2,0),0)) -> 0.69 | BU7: =IF(AU7=0,0,IFERROR(VLOOKUP($M:$M,'Price_Per_Oz_01.2019~'!$A:$CQ,Data_sheet_PTD!BU$2,0),0)) -> 0.69 | ... BY7: =IF(AY7=0,0,IFERROR(VLOOKUP($M:$M,'Price_Per_Oz_01.2019~'!$A:$CQ,Data_sheet_PTD!BY$2,0),0)) -> 0.69 | BZ7: =BU7 -> 0.69 | CA7: =IF(OR(AA7=0,BA7=0),0,AA7/BA7) -> 46676.194 | CB7: =IF(OR(AB7=0,BB7=0),0,AB7/BB7) -> 55911.552 | CC7: =IF(OR(AC7=0,BC7=0),0,AC7/BC7) -> 69179.955 | CD7: =IF(OR(AD7=0,BD7=0),0,AD7/BD7) -> 73016.821 | CE7: =IF(OR(AE7=0,BE7=0),0,AE7/BE7) -> 80980.06 | CF7: =IF(OR(AF7=0,BF7=0),0,AF7/BF7) -> 83201.851 | CG7: =IF(OR(AG7=0,BG7=0),0,AG7/BG7) -> 76662.536 | CH7: =IF(OR(AH7=0,BH7=0),0,AH7/BH7) -> 69418 | ... CL7: =IF(OR(AL7=0,BL7=0),0,AL7/BL7) -> 52248.522 | CM7: =SUM(CA7:CL7) -> 783518.74 | CN7: =IF(OR(AN7=0,BN7=0),0,AN7/BN7) -> 55133.638 | CO7: =IF(OR(AO7=0,BO7=0),0,AO7/BO7) -> 66235.246 | CP7: =IF(OR(AP7=0,BP7=0),0,AP7/BP7) -> 69303.435 | CQ7: =IF(OR(AQ7=0,BQ7=0),0,AQ7/BQ7) -> 73533.101 | CR7: =IF(OR(AR7=0,BR7=0),0,AR7/BR7) -> 81059.174 | CS7: =IF(OR(AS7=0,BS7=0),0,AS7/BS7) -> 77732.609 | CT7: =IF(OR(AT7=0,BT7=0),0,AT7/BT7) -> 72877.435 | CU7: =IF(OR(AU7=0,BU7=0),0,AU7/BU7) -> 74276.391 | ... CY7: =IF(OR(AY7=0,BY7=0),0,AY7/BY7) -> 48749.406 | CZ7: =SUM(CN7:CY7) -> 780742.99 | DA7: =IF(OR(CN7=0,CA7=0),AN7-AA7,(CN7-CA7)*BA7) -> 5666.4872 | DB7: =IF(OR(CO7=0,CB7=0),AO7-AB7,(CO7-CB7)*BB7) -> 6916.8751 | DC7: =IF(OR(CP7=0,CC7=0),AP7-AC7,(CP7-CC7)*BC7) -> 82.731304 | DD7: =IF(OR(CQ7=0,CD7=0),AQ7-AD7,(CQ7-CD7)*BD7) -> 345.90797 | DE7: =IF(OR(CR7=0,CE7=0),AR7-AE7,(CR7-CE7)*BE7) -> 53.006522 | DF7: =IF(OR(CS7=0,CF7=0),AS7-AF7,(CS7-CF7)*BF7) -> -3664.3922 | DG7: =IF(OR(CT7=0,CG7=0),AT7-AG7,(CT7-CG7)*BG7) -> -2611.72 | DH7: =IF(OR(CU7=0,CH7=0),AU7-AH7,(CU7-CH7)*BH7) -> 3352.29 | ... DL7: =IF(OR(CY7=0,CL7=0),AY7-AL7,(CY7-CL7)*BL7) -> -2414.39 | DM7: =SUM(DA7:DL7) -> -2195.8841 | DN7: =IF(OR(AA7=0,AN7=0),0,(BN7-BA7)*CN7) -> 1102.6728 | DO7: =IF(OR(AB7=0,AO7=0),0,(BO7-BB7)*CO7) -> 1324.7049 | DP7: =IF(OR(AC7=0,AP7=0),0,(BP7-BC7)*CP7) -> 1386.0687 | DQ7: =IF(OR(AD7=0,AQ7=0),0,(BQ7-BD7)*CQ7) -> 1470.662 | DR7: =IF(OR(AE7=0,AR7=0),0,(BR7-BE7)*CR7) -> 1621.1835 | DS7: =IF(OR(AF7=0,AS7=0),0,(BS7-BF7)*CS7) -> 1554.6522 | DT7: =IF(OR(AG7=0,AT7=0),0,(BT7-BG7)*CT7) -> 0 | DU7: =IF(OR(AH7=0,AU7=0),0,(BU7-BH7)*CU7) -> 0 | ... DY7: =IF(OR(AL7=0,AY7=0),0,(BY7-BL7)*CY7) -> 0 | DZ7: =SUM(DN7:DY7) -> 8459.9441 | EB7: =(AN7-AA7)-(DA7+DN7) -> 0 | EC7: =(AO7-AB7)-(DB7+DO7) -> 0 | ED7: =(AP7-AC7)-(DC7+DP7) -> 0 | EE7: =(AQ7-AD7)-(DD7+DQ7) -> 3.6379788e-12 | EF7: =(AR7-AE7)-(DE7+DR7) -> 0 | EG7: =(AS7-AF7)-(DF7+DS7) -> 6.3664629e-12 | EH7: =(AT7-AG7)-(DG7+DT7) -> 0 | EI7: =(AU7-AH7)-(DH7+DU7) -> 0 | ... EM7: =(AY7-AL7)-(DL7+DY7) -> 0
M8: AZ105 | N8: =IFERROR(VLOOKUP($M:$M,'Data 2'!$C:$R,'Data 2'!E$1,0),0) -> 34876.22 | O8: =IFERROR(VLOOKUP($M:$M,'Data 2'!$C:$R,'Data 2'!F$1,0),0) -> 37823.12 | P8: =IFERROR(VLOOKUP($M:$M,'Data 2'!$C:$R,'Data 2'!G$1,0),0) -> 44123.37 | Q8: =IFERROR(VLOOKUP($M:$M,'Data 2'!$C:$R,'Data 2'!H$1,0),0) -> 42823.12 | R8: =IFERROR(VLOOKUP($M:$M,'Data 2'!$C:$R,'Data 2'!I$1,0),0) -> 48426.62 | S8: =IFERROR(VLOOKUP($M:$M,'Data 2'!$C:$R,'Data 2'!J$1,0),0) -> 46002.89 | T8: =IFERROR(VLOOKUP($M:$M,'Data 2'!$C:$R,'Data 2'!K$1,0),0) -> 50794.67 | U8: =IFERROR(VLOOKUP($M:$M,'Data 2'!$C:$R,'Data 2'!L$1,0),0) -> 47887.53 | ... Y8: =IFERROR(VLOOKUP($M:$M,'Data 2'!$C:$R,'Data 2'!P$1,0),0) -> 28321.69 | Z8: =SUM(N8:Q8) -> 159645.83 | AA8: =IFERROR(VLOOKUP($M:$M,'Data 2'!$U:$AI,'Data 2'!W$1,0),0) -> 33885.93 | AB8: =IFERROR(VLOOKUP($M:$M,'Data 2'!$U:$AI,'Data 2'!X$1,0),0) -> 41804.7 | AC8: =IFERROR(VLOOKUP($M:$M,'Data 2'!$U:$AI,'Data 2'!Y$1,0),0) -> 47727.02 | AD8: =IFERROR(VLOOKUP($M:$M,'Data 2'!$U:$AI,'Data 2'!Z$1,0),0) -> 50897.21 | AE8: =IFERROR(VLOOKUP($M:$M,'Data 2'!$U:$AI,'Data 2'!AA$1,0),0) -> 59951.5 | AF8: =IFERROR(VLOOKUP($M:$M,'Data 2'!$U:$AI,'Data 2'!AB$1,0),0) -> 52321.39 | AG8: =IFERROR(VLOOKUP($M:$M,'Data 2'!$U:$AI,'Data 2'!AC$1,0),0) -> 52377.19 | AH8: =IFERROR(VLOOKUP($M:$M,'Data 2'!$U:$AI,'Data 2'!AD$1,0),0) -> 47285.45 | ... AL8: =IFERROR(VLOOKUP($M:$M,'Data 2'!$U:$AI,'Data 2'!AH$1,0),0) -> 32140.71 | AM8: =SUM(AA8:AL8) -> 541112.17 | AN8: =IFERROR(VLOOKUP($M:$M,'Data 2'!$AP:$BE,'Data 2'!AR$1,0),0) -> 41501.52 | AO8: =IFERROR(VLOOKUP($M:$M,'Data 2'!$AP:$BE,'Data 2'!AS$1,0),0) -> 42979.79 | AP8: =IFERROR(VLOOKUP($M:$M,'Data 2'!$AP:$BE,'Data 2'!AT$1,0),0) -> 55346.15 | AQ8: =IFERROR(VLOOKUP($M:$M,'Data 2'!$AP:$BE,'Data 2'!AU$1,0),0) -> 53267.71 | AR8: =IFERROR(VLOOKUP($M:$M,'Data 2'!$AP:$BE,'Data 2'!AV$1,0),0) -> 63697.64 | AS8: =IFERROR(VLOOKUP($M:$M,'Data 2'!$AP:$BE,'Data 2'!AW$1,0),0) -> 55701.11 | AT8: =IFERROR(VLOOKUP($M:$M,'Data 2'!$AP:$BE,'Data 2'!AX$1,0),0) -> 51197.25 | AU8: =IFERROR(VLOOKUP($M:$M,'Data 2'!$AP:$BE,'Data 2'!AY$1,0),0) -> 54541.85 | ... AY8: =IFERROR(VLOOKUP($M:$M,'Data 2'!$AP:$BE,'Data 2'!BC$1,0),0) -> 34502.49 | AZ8: =SUM(AN8:AY8) -> 574231.18 | BA8: =IF(AA8=0,0,IFERROR(VLOOKUP($M:$M,'Price_Per_Oz_01.2019~'!$A:$CQ,Data_sheet_PTD!BA$2,0),0)) -> 0.67 | BB8: =IF(AB8=0,0,IFERROR(VLOOKUP($M:$M,'Price_Per_Oz_01.2019~'!$A:$CQ,Data_sheet_PTD!BB$2,0),0)) -> 0.67 | BC8: =IF(AC8=0,0,IFERROR(VLOOKUP($M:$M,'Price_Per_Oz_01.2019~'!$A:$CQ,Data_sheet_PTD!BC$2,0),0)) -> 0.67 | BD8: =IF(AD8=0,0,IFERROR(VLOOKUP($M:$M,'Price_Per_Oz_01.2019~'!$A:$CQ,Data_sheet_PTD!BD$2,0),0)) -> 0.67 | BE8: =IF(AE8=0,0,IFERROR(VLOOKUP($M:$M,'Price_Per_Oz_01.2019~'!$A:$CQ,Data_sheet_PTD!BE$2,0),0)) -> 0.67 | BF8: =IF(AF8=0,0,IFERROR(VLOOKUP($M:$M,'Price_Per_Oz_01.2019~'!$A:$CQ,Data_sheet_PTD!BF$2,0),0)) -> 0.67 | BG8: =IF(AG8=0,0,IFERROR(VLOOKUP($M:$M,'Price_Per_Oz_01.2019~'!$A:$CQ,Data_sheet_PTD!BG$2,0),0)) -> 0.69 | BH8: =IF(AH8=0,0,IFERROR(VLOOKUP($M:$M,'Price_Per_Oz_01.2019~'!$A:$CQ,Data_sheet_PTD!BH$2,0),0)) -> 0.69 | ... BL8: =IF(AL8=0,0,IFERROR(VLOOKUP($M:$M,'Price_Per_Oz_01.2019~'!$A:$CQ,Data_sheet_PTD!BL$2,0),0)) -> 0.69 | BM8: =BH8 -> 0.69 | BN8: =IF(AN8=0,0,IFERROR(VLOOKUP($M:$M,'Price_Per_Oz_01.2019~'!$A:$CQ,Data_sheet_PTD!BN$2,0),0)) -> 0.69 | BO8: =IF(AO8=0,0,IFERROR(VLOOKUP($M:$M,'Price_Per_Oz_01.2019~'!$A:$CQ,Data_sheet_PTD!BO$2,0),0)) -> 0.69 | BP8: =IF(AP8=0,0,IFERROR(VLOOKUP($M:$M,'Price_Per_Oz_01.2019~'!$A:$CQ,Data_sheet_PTD!BP$2,0),0)) -> 0.69 | BQ8: =IF(AQ8=0,0,IFERROR(VLOOKUP($M:$M,'Price_Per_Oz_01.2019~'!$A:$CQ,Data_sheet_PTD!BQ$2,0),0)) -> 0.69 | BR8: =IF(AR8=0,0,IFERROR(VLOOKUP($M:$M,'Price_Per_Oz_01.2019~'!$A:$CQ,Data_sheet_PTD!BR$2,0),0)) -> 0.69 | BS8: =IF(AS8=0,0,IFERROR(VLOOKUP($M:$M,'Price_Per_Oz_01.2019~'!$A:$CQ,Data_sheet_PTD!BS$2,0),0)) -> 0.69 | BT8: =IF(AT8=0,0,IFERROR(VLOOKUP($M:$M,'Price_Per_Oz_01.2019~'!$A:$CQ,Data_sheet_PTD!BT$2,0),0)) -> 0.69 | BU8: =IF(AU8=0,0,IFERROR(VLOOKUP($M:$M,'Price_Per_Oz_01.2019~'!$A:$CQ,Data_sheet_PTD!BU$2,0),0)) -> 0.69 | ... BY8: =IF(AY8=0,0,IFERROR(VLOOKUP($M:$M,'Price_Per_Oz_01.2019~'!$A:$CQ,Data_sheet_PTD!BY$2,0),0)) -> 0.69 | BZ8: =BU8 -> 0.69 | CA8: =IF(OR(AA8=0,BA8=0),0,AA8/BA8) -> 50576.015 | CB8: =IF(OR(AB8=0,BB8=0),0,AB8/BB8) -> 62395.075 | CC8: =IF(OR(AC8=0,BC8=0),0,AC8/BC8) -> 71234.358 | CD8: =IF(OR(AD8=0,BD8=0),0,AD8/BD8) -> 75965.985 | CE8: =IF(OR(AE8=0,BE8=0),0,AE8/BE8) -> 89479.851 | CF8: =IF(OR(AF8=0,BF8=0),0,AF8/BF8) -> 78091.627 | CG8: =IF(OR(AG8=0,BG8=0),0,AG8/BG8) -> 75908.971 | CH8: =IF(OR(AH8=0,BH8=0),0,AH8/BH8) -> 68529.638 | ... CL8: =IF(OR(AL8=0,BL8=0),0,AL8/BL8) -> 46580.739 | CM8: =SUM(CA8:CL8) -> 796618.88 | CN8: =IF(OR(AN8=0,BN8=0),0,AN8/BN8) -> 60147.13 | CO8: =IF(OR(AO8=0,BO8=0),0,AO8/BO8) -> 62289.551 | CP8: =IF(OR(AP8=0,BP8=0),0,AP8/BP8) -> 80211.812 | CQ8: =IF(OR(AQ8=0,BQ8=0),0,AQ8/BQ8) -> 77199.58 | CR8: =IF(OR(AR8=0,BR8=0),0,AR8/BR8) -> 92315.42 | CS8: =IF(OR(AS8=0,BS8=0),0,AS8/BS8) -> 80726.246 | CT8: =IF(OR(AT8=0,BT8=0),0,AT8/BT8) -> 74198.913 | CU8: =IF(OR(AU8=0,BU8=0),0,AU8/BU8) -> 79046.159 | ... CY8: =IF(OR(AY8=0,BY8=0),0,AY8/BY8) -> 50003.609 | CZ8: =SUM(CN8:CY8) -> 832219.1 | DA8: =IF(OR(CN8=0,CA8=0),AN8-AA8,(CN8-CA8)*BA8) -> 6412.6474 | DB8: =IF(OR(CO8=0,CB8=0),AO8-AB8,(CO8-CB8)*BB8) -> -70.701014 | DC8: =IF(OR(CP8=0,CC8=0),AP8-AC8,(CP8-CC8)*BC8) -> 6014.8938 | DD8: =IF(OR(CQ8=0,CD8=0),AQ8-AD8,(CQ8-CD8)*BD8) -> 826.50841 | DE8: =IF(OR(CR8=0,CE8=0),AR8-AE8,(CR8-CE8)*BE8) -> 1899.8316 | DF8: =IF(OR(CS8=0,CF8=0),AS8-AF8,(CS8-CF8)*BF8) -> 1765.1951 | DG8: =IF(OR(CT8=0,CG8=0),AT8-AG8,(CT8-CG8)*BG8) -> -1179.94 | DH8: =IF(OR(CU8=0,CH8=0),AU8-AH8,(CU8-CH8)*BH8) -> 7256.4 | ... DL8: =IF(OR(CY8=0,CL8=0),AY8-AL8,(CY8-CL8)*BL8) -> 2361.78 | DM8: =SUM(DA8:DL8) -> 24061.215 | DN8: =IF(OR(AA8=0,AN8=0),0,(BN8-BA8)*CN8) -> 1202.9426 | DO8: =IF(OR(AB8=0,AO8=0),0,(BO8-BB8)*CO8) -> 1245.791 | DP8: =IF(OR(AC8=0,AP8=0),0,(BP8-BC8)*CP8) -> 1604.2362 | DQ8: =IF(OR(AD8=0,AQ8=0),0,(BQ8-BD8)*CQ8) -> 1543.9916 | DR8: =IF(OR(AE8=0,AR8=0),0,(BR8-BE8)*CR8) -> 1846.3084 | DS8: =IF(OR(AF8=0,AS8=0),0,(BS8-BF8)*CS8) -> 1614.5249 | DT8: =IF(OR(AG8=0,AT8=0),0,(BT8-BG8)*CT8) -> 0 | DU8: =IF(OR(AH8=0,AU8=0),0,(BU8-BH8)*CU8) -> 0 | ... DY8: =IF(OR(AL8=0,AY8=0),0,(BY8-BL8)*CY8) -> 0 | DZ8: =SUM(DN8:DY8) -> 9057.7948 | EB8: =(AN8-AA8)-(DA8+DN8) -> 0 | EC8: =(AO8-AB8)-(DB8+DO8) -> 0 | ED8: =(AP8-AC8)-(DC8+DP8) -> 0 | EE8: =(AQ8-AD8)-(DD8+DQ8) -> 5.9117156e-12 | EF8: =(AR8-AE8)-(DE8+DR8) -> 6.3664629e-12 | EG8: =(AS8-AF8)-(DF8+DS8) -> 5.4569682e-12 | EH8: =(AT8-AG8)-(DG8+DT8) -> 0 | EI8: =(AU8-AH8)-(DH8+DU8) -> 0 | ... EM8: =(AY8-AL8)-(DL8+DY8) -> 0
C9: Sales | E9: =E7 -> 100 | F9: =F7 -> 120 | M9: AZ106 | N9: =IFERROR(VLOOKUP($M:$M,'Data 2'!$C:$R,'Data 2'!E$1,0),0) -> 0 | O9: =IFERROR(VLOOKUP($M:$M,'Data 2'!$C:$R,'Data 2'!F$1,0),0) -> 0 | P9: =IFERROR(VLOOKUP($M:$M,'Data 2'!$C:$R,'Data 2'!G$1,0),0) -> 0 | Q9: =IFERROR(VLOOKUP($M:$M,'Data 2'!$C:$R,'Data 2'!H$1,0),0) -> 0 | R9: =IFERROR(VLOOKUP($M:$M,'Data 2'!$C:$R,'Data 2'!I$1,0),0) -> 0 | S9: =IFERROR(VLOOKUP($M:$M,'Data 2'!$C:$R,'Data 2'!J$1,0),0) -> 0 | T9: =IFERROR(VLOOKUP($M:$M,'Data 2'!$C:$R,'Data 2'!K$1,0),0) -> 0 | U9: =IFERROR(VLOOKUP($M:$M,'Data 2'!$C:$R,'Data 2'!L$1,0),0) -> 0 | ... Y9: =IFERROR(VLOOKUP($M:$M,'Data 2'!$C:$R,'Data 2'!P$1,0),0) -> 0 | Z9: =SUM(N9:Q9) -> 0 | AA9: =IFERROR(VLOOKUP($M:$M,'Data 2'!$U:$AI,'Data 2'!W$1,0),0) -> 0 | AB9: =IFERROR(VLOOKUP($M:$M,'Data 2'!$U:$AI,'Data 2'!X$1,0),0) -> 0 | AC9: =IFERROR(VLOOKUP($M:$M,'Data 2'!$U:$AI,'Data 2'!Y$1,0),0) -> 0 | AD9: =IFERROR(VLOOKUP($M:$M,'Data 2'!$U:$AI,'Data 2'!Z$1,0),0) -> 0 | AE9: =IFERROR(VLOOKUP($M:$M,'Data 2'!$U:$AI,'Data 2'!AA$1,0),0) -> 0 | AF9: =IFERROR(VLOOKUP($M:$M,'Data 2'!$U:$AI,'Data 2'!AB$1,0),0) -> 0 | AG9: =IFERROR(VLOOKUP($M:$M,'Data 2'!$U:$AI,'Data 2'!AC$1,0),0) -> 0 | AH9: =IFERROR(VLOOKUP($M:$M,'Data 2'!$U:$AI,'Data 2'!AD$1,0),0) -> 0 | ... AL9: =IFERROR(VLOOKUP($M:$M,'Data 2'!$U:$AI,'Data 2'!AH$1,0),0) -> 0 | AM9: =SUM(AA9:AL9) -> 0 | AN9: =IFERROR(VLOOKUP($M:$M,'Data 2'!$AP:$BE,'Data 2'!AR$1,0),0) -> 0 | AO9: =IFERROR(VLOOKUP($M:$M,'Data 2'!$AP:$BE,'Data 2'!AS$1,0),0) -> 0 | AP9: =IFERROR(VLOOKUP($M:$M,'Data 2'!$AP:$BE,'Data 2'!AT$1,0),0) -> 0 | AQ9: =IFERROR(VLOOKUP($M:$M,'Data 2'!$AP:$BE,'Data 2'!AU$1,0),0) -> 0 | AR9: =IFERROR(VLOOKUP($M:$M,'Data 2'!$AP:$BE,'Data 2'!AV$1,0),0) -> 0 | AS9: =IFERROR(VLOOKUP($M:$M,'Data 2'!$AP:$BE,'Data 2'!AW$1,0),0) -> 0 | AT9: =IFERROR(VLOOKUP($M:$M,'Data 2'!$AP:$BE,'Data 2'!AX$1,0),0) -> 0 | AU9: =IFERROR(VLOOKUP($M:$M,'Data 2'!$AP:$BE,'Data 2'!AY$1,0),0) -> 0 | ... AY9: =IFERROR(VLOOKUP($M:$M,'Data 2'!$AP:$BE,'Data 2'!BC$1,0),0) -> 0 | AZ9: =SUM(AN9:AY9) -> 0 | BA9: =IF(AA9=0,0,IFERROR(VLOOKUP($M:$M,'Price_Per_Oz_01.2019~'!$A:$CQ,Data_sheet_PTD!BA$2,0),0)) -> 0 | BB9: =IF(AB9=0,0,IFERROR(VLOOKUP($M:$M,'Price_Per_Oz_01.2019~'!$A:$CQ,Data_sheet_PTD!BB$2,0),0)) -> 0 | BC9: =IF(AC9=0,0,IFERROR(VLOOKUP($M:$M,'Price_Per_Oz_01.2019~'!$A:$CQ,Data_sheet_PTD!BC$2,0),0)) -> 0 | BD9: =IF(AD9=0,0,IFERROR(VLOOKUP($M:$M,'Price_Per_Oz_01.2019~'!$A:$CQ,Data_sheet_PTD!BD$2,0),0)) -> 0 | BE9: =IF(AE9=0,0,IFERROR(VLOOKUP($M:$M,'Price_Per_Oz_01.2019~'!$A:$CQ,Data_sheet_PTD!BE$2,0),0)) -> 0 | BF9: =IF(AF9=0,0,IFERROR(VLOOKUP($M:$M,'Price_Per_Oz_01.2019~'!$A:$CQ,Data_sheet_PTD!BF$2,0),0)) -> 0 | BG9: =IF(AG9=0,0,IFERROR(VLOOKUP($M:$M,'Price_Per_Oz_01.2019~'!$A:$CQ,Data_sheet_PTD!BG$2,0),0)) -> 0 | BH9: =IF(AH9=0,0,IFERROR(VLOOKUP($M:$M,'Price_Per_Oz_01.2019~'!$A:$CQ,Data_sheet_PTD!BH$2,0),0)) -> 0 | ... BL9: =IF(AL9=0,0,IFERROR(VLOOKUP($M:$M,'Price_Per_Oz_01.2019~'!$A:$CQ,Data_sheet_PTD!BL$2,0),0)) -> 0 | BM9: =BH9 -> 0 | BN9: =IF(AN9=0,0,IFERROR(VLOOKUP($M:$M,'Price_Per_Oz_01.2019~'!$A:$CQ,Data_sheet_PTD!BN$2,0),0)) -> 0 | BO9: =IF(AO9=0,0,IFERROR(VLOOKUP($M:$M,'Price_Per_Oz_01.2019~'!$A:$CQ,Data_sheet_PTD!BO$2,0),0)) -> 0 | BP9: =IF(AP9=0,0,IFERROR(VLOOKUP($M:$M,'Price_Per_Oz_01.2019~'!$A:$CQ,Data_sheet_PTD!BP$2,0),0)) -> 0 | BQ9: =IF(AQ9=0,0,IFERROR(VLOOKUP($M:$M,'Price_Per_Oz_01.2019~'!$A:$CQ,Data_sheet_PTD!BQ$2,0),0)) -> 0 | BR9: =IF(AR9=0,0,IFERROR(VLOOKUP($M:$M,'Price_Per_Oz_01.2019~'!$A:$CQ,Data_sheet_PTD!BR$2,0),0)) -> 0 | BS9: =IF(AS9=0,0,IFERROR(VLOOKUP($M:$M,'Price_Per_Oz_01.2019~'!$A:$CQ,Data_sheet_PTD!BS$2,0),0)) -> 0 | BT9: =IF(AT9=0,0,IFERROR(VLOOKUP($M:$M,'Price_Per_Oz_01.2019~'!$A:$CQ,Data_sheet_PTD!BT$2,0),0)) -> 0 | BU9: =IF(AU9=0,0,IFERROR(VLOOKUP($M:$M,'Price_Per_Oz_01.2019~'!$A:$CQ,Data_sheet_PTD!BU$2,0),0)) -> 0 | ... BY9: =IF(AY9=0,0,IFERROR(VLOOKUP($M:$M,'Price_Per_Oz_01.2019~'!$A:$CQ,Data_sheet_PTD!BY$2,0),0)) -> 0 | BZ9: =BU9 -> 0 | CA9: =IF(OR(AA9=0,BA9=0),0,AA9/BA9) -> 0 | CB9: =IF(OR(AB9=0,BB9=0),0,AB9/BB9) -> 0 | CC9: =IF(OR(AC9=0,BC9=0),0,AC9/BC9) -> 0 | CD9: =IF(OR(AD9=0,BD9=0),0,AD9/BD9) -> 0 | CE9: =IF(OR(AE9=0,BE9=0),0,AE9/BE9) -> 0 | CF9: =IF(OR(AF9=0,BF9=0),0,AF9/BF9) -> 0 | CG9: =IF(OR(AG9=0,BG9=0),0,AG9/BG9) -> 0 | CH9: =IF(OR(AH9=0,BH9=0),0,AH9/BH9) -> 0 | ... CL9: =IF(OR(AL9=0,BL9=0),0,AL9/BL9) -> 0 | CM9: =SUM(CA9:CL9) -> 0 | CN9: =IF(OR(AN9=0,BN9=0),0,AN9/BN9) -> 0 | CO9: =IF(OR(AO9=0,BO9=0),0,AO9/BO9) -> 0 | CP9: =IF(OR(AP9=0,BP9=0),0,AP9/BP9) -> 0 | CQ9: =IF(OR(AQ9=0,BQ9=0),0,AQ9/BQ9) -> 0 | CR9: =IF(OR(AR9=0,BR9=0),0,AR9/BR9) -> 0 | CS9: =IF(OR(AS9=0,BS9=0),0,AS9/BS9) -> 0 | CT9: =IF(OR(AT9=0,BT9=0),0,AT9/BT9) -> 0 | CU9: =IF(OR(AU9=0,BU9=0),0,AU9/BU9) -> 0 | ... CY9: =IF(OR(AY9=0,BY9=0),0,AY9/BY9) -> 0 | CZ9: =SUM(CN9:CY9) -> 0 | DA9: =IF(OR(CN9=0,CA9=0),AN9-AA9,(CN9-CA9)*BA9) -> 0 | DB9: =IF(OR(CO9=0,CB9=0),AO9-AB9,(CO9-CB9)*BB9) -> 0 | DC9: =IF(OR(CP9=0,CC9=0),AP9-AC9,(CP9-CC9)*BC9) -> 0 | DD9: =IF(OR(CQ9=0,CD9=0),AQ9-AD9,(CQ9-CD9)*BD9) -> 0 | DE9: =IF(OR(CR9=0,CE9=0),AR9-AE9,(CR9-CE9)*BE9) -> 0 | DF9: =IF(OR(CS9=0,CF9=0),AS9-AF9,(CS9-CF9)*BF9) -> 0 | DG9: =IF(OR(CT9=0,CG9=0),AT9-AG9,(CT9-CG9)*BG9) -> 0 | DH9: =IF(OR(CU9=0,CH9=0),AU9-AH9,(CU9-CH9)*BH9) -> 0 | ... DL9: =IF(OR(CY9=0,CL9=0),AY9-AL9,(CY9-CL9)*BL9) -> 0 | DM9: =SUM(DA9:DL9) -> 0 | DN9: =IF(OR(AA9=0,AN9=0),0,(BN9-BA9)*CN9) -> 0 | DO9: =IF(OR(AB9=0,AO9=0),0,(BO9-BB9)*CO9) -> 0 | DP9: =IF(OR(AC9=0,AP9=0),0,(BP9-BC9)*CP9) -> 0 | DQ9: =IF(OR(AD9=0,AQ9=0),0,(BQ9-BD9)*CQ9) -> 0 | DR9: =IF(OR(AE9=0,AR9=0),0,(BR9-BE9)*CR9) -> 0 | DS9: =IF(OR(AF9=0,AS9=0),0,(BS9-BF9)*CS9) -> 0 | DT9: =IF(OR(AG9=0,AT9=0),0,(BT9-BG9)*CT9) -> 0 | DU9: =IF(OR(AH9=0,AU9=0),0,(BU9-BH9)*CU9) -> 0 | ... DY9: =IF(OR(AL9=0,AY9=0),0,(BY9-BL9)*CY9) -> 0 | DZ9: =SUM(DN9:DY9) -> 0 | EB9: =(AN9-AA9)-(DA9+DN9) -> 0 | EC9: =(AO9-AB9)-(DB9+DO9) -> 0 | ED9: =(AP9-AC9)-(DC9+DP9) -> 0 | EE9: =(AQ9-AD9)-(DD9+DQ9) -> 0 | EF9: =(AR9-AE9)-(DE9+DR9) -> 0 | EG9: =(AS9-AF9)-(DF9+DS9) -> 0 | EH9: =(AT9-AG9)-(DG9+DT9) -> 0 | EI9: =(AU9-AH9)-(DH9+DU9) -> 0 | ... EM9: =(AY9-AL9)-(DL9+DY9) -> 0
C10: Price | E10: =E6 -> 0.52 | F10: =F6 -> 0.59 | M10: CA101 | N10: =IFERROR(VLOOKUP($M:$M,'Data 2'!$C:$R,'Data 2'!E$1,0),0) -> 0 | O10: =IFERROR(VLOOKUP($M:$M,'Data 2'!$C:$R,'Data 2'!F$1,0),0) -> 0 | P10: =IFERROR(VLOOKUP($M:$M,'Data 2'!$C:$R,'Data 2'!G$1,0),0) -> 0 | Q10: =IFERROR(VLOOKUP($M:$M,'Data 2'!$C:$R,'Data 2'!H$1,0),0) -> 0 | R10: =IFERROR(VLOOKUP($M:$M,'Data 2'!$C:$R,'Data 2'!I$1,0),0) -> 0 | S10: =IFERROR(VLOOKUP($M:$M,'Data 2'!$C:$R,'Data 2'!J$1,0),0) -> 0 | T10: =IFERROR(VLOOKUP($M:$M,'Data 2'!$C:$R,'Data 2'!K$1,0),0) -> 0 | U10: =IFERROR(VLOOKUP($M:$M,'Data 2'!$C:$R,'Data 2'!L$1,0),0) -> 0 | ... Y10: =IFERROR(VLOOKUP($M:$M,'Data 2'!$C:$R,'Data 2'!P$1,0),0) -> 0 | Z10: =SUM(N10:Q10) -> 0 | AA10: =IFERROR(VLOOKUP($M:$M,'Data 2'!$U:$AI,'Data 2'!W$1,0),0) -> 0 | AB10: =IFERROR(VLOOKUP($M:$M,'Data 2'!$U:$AI,'Data 2'!X$1,0),0) -> 0 | AC10: =IFERROR(VLOOKUP($M:$M,'Data 2'!$U:$AI,'Data 2'!Y$1,0),0) -> 0 | AD10: =IFERROR(VLOOKUP($M:$M,'Data 2'!$U:$AI,'Data 2'!Z$1,0),0) -> 0 | AE10: =IFERROR(VLOOKUP($M:$M,'Data 2'!$U:$AI,'Data 2'!AA$1,0),0) -> 0 | AF10: =IFERROR(VLOOKUP($M:$M,'Data 2'!$U:$AI,'Data 2'!AB$1,0),0) -> 0 | AG10: =IFERROR(VLOOKUP($M:$M,'Data 2'!$U:$AI,'Data 2'!AC$1,0),0) -> 0 | AH10: =IFERROR(VLOOKUP($M:$M,'Data 2'!$U:$AI,'Data 2'!AD$1,0),0) -> 0 | ... AL10: =IFERROR(VLOOKUP($M:$M,'Data 2'!$U:$AI,'Data 2'!AH$1,0),0) -> 0 | AM10: =SUM(AA10:AL10) -> 0 | AN10: =IFERROR(VLOOKUP($M:$M,'Data 2'!$AP:$BE,'Data 2'!AR$1,0),0) -> 0 | AO10: =IFERROR(VLOOKUP($M:$M,'Data 2'!$AP:$BE,'Data 2'!AS$1,0),0) -> 0 | AP10: =IFERROR(VLOOKUP($M:$M,'Data 2'!$AP:$BE,'Data 2'!AT$1,0),0) -> 0 | AQ10: =IFERROR(VLOOKUP($M:$M,'Data 2'!$AP:$BE,'Data 2'!AU$1,0),0) -> 0 | AR10: =IFERROR(VLOOKUP($M:$M,'Data 2'!$AP:$BE,'Data 2'!AV$1,0),0) -> 0 | AS10: =IFERROR(VLOOKUP($M:$M,'Data 2'!$AP:$BE,'Data 2'!AW$1,0),0) -> 0 | AT10: =IFERROR(VLOOKUP($M:$M,'Data 2'!$AP:$BE,'Data 2'!AX$1,0),0) -> 0 | AU10: =IFERROR(VLOOKUP($M:$M,'Data 2'!$AP:$BE,'Data 2'!AY$1,0),0) -> 0 | ... AY10: =IFERROR(VLOOKUP($M:$M,'Data 2'!$AP:$BE,'Data 2'!BC$1,0),0) -> 0 | AZ10: =SUM(AN10:AY10) -> 0 | BA10: =IF(AA10=0,0,IFERROR(VLOOKUP($M:$M,'Price_Per_Oz_01.2019~'!$A:$CQ,Data_sheet_PTD!BA$2,0),0)) -> 0 | BB10: =IF(AB10=0,0,IFERROR(VLOOKUP($M:$M,'Price_Per_Oz_01.2019~'!$A:$CQ,Data_sheet_PTD!BB$2,0),0)) -> 0 | BC10: =IF(AC10=0,0,IFERROR(VLOOKUP($M:$M,'Price_Per_Oz_01.2019~'!$A:$CQ,Data_sheet_PTD!BC$2,0),0)) -> 0 | BD10: =IF(AD10=0,0,IFERROR(VLOOKUP($M:$M,'Price_Per_Oz_01.2019~'!$A:$CQ,Data_sheet_PTD!BD$2,0),0)) -> 0 | BE10: =IF(AE10=0,0,IFERROR(VLOOKUP($M:$M,'Price_Per_Oz_01.2019~'!$A:$CQ,Data_sheet_PTD!BE$2,0),0)) -> 0 | BF10: =IF(AF10=0,0,IFERROR(VLOOKUP($M:$M,'Price_Per_Oz_01.2019~'!$A:$CQ,Data_sheet_PTD!BF$2,0),0)) -> 0 | BG10: =IF(AG10=0,0,IFERROR(VLOOKUP($M:$M,'Price_Per_Oz_01.2019~'!$A:$CQ,Data_sheet_PTD!BG$2,0),0)) -> 0 | BH10: =IF(AH10=0,0,IFERROR(VLOOKUP($M:$M,'Price_Per_Oz_01.2019~'!$A:$CQ,Data_sheet_PTD!BH$2,0),0)) -> 0 | ... BL10: =IF(AL10=0,0,IFERROR(VLOOKUP($M:$M,'Price_Per_Oz_01.2019~'!$A:$CQ,Data_sheet_PTD!BL$2,0),0)) -> 0 | BM10: =BH10 -> 0 | BN10: =IF(AN10=0,0,IFERROR(VLOOKUP($M:$M,'Price_Per_Oz_01.2019~'!$A:$CQ,Data_sheet_PTD!BN$2,0),0)) -> 0 | BO10: =IF(AO10=0,0,IFERROR(VLOOKUP($M:$M,'Price_Per_Oz_01.2019~'!$A:$CQ,Data_sheet_PTD!BO$2,0),0)) -> 0 | BP10: =IF(AP10=0,0,IFERROR(VLOOKUP($M:$M,'Price_Per_Oz_01.2019~'!$A:$CQ,Data_sheet_PTD!BP$2,0),0)) -> 0 | BQ10: =IF(AQ10=0,0,IFERROR(VLOOKUP($M:$M,'Price_Per_Oz_01.2019~'!$A:$CQ,Data_sheet_PTD!BQ$2,0),0)) -> 0 | BR10: =IF(AR10=0,0,IFERROR(VLOOKUP($M:$M,'Price_Per_Oz_01.2019~'!$A:$CQ,Data_sheet_PTD!BR$2,0),0)) -> 0 | BS10: =IF(AS10=0,0,IFERROR(VLOOKUP($M:$M,'Price_Per_Oz_01.2019~'!$A:$CQ,Data_sheet_PTD!BS$2,0),0)) -> 0 | BT10: =IF(AT10=0,0,IFERROR(VLOOKUP($M:$M,'Price_Per_Oz_01.2019~'!$A:$CQ,Data_sheet_PTD!BT$2,0),0)) -> 0 | BU10: =IF(AU10=0,0,IFERROR(VLOOKUP($M:$M,'Price_Per_Oz_01.2019~'!$A:$CQ,Data_sheet_PTD!BU$2,0),0)) -> 0 | ... BY10: =IF(AY10=0,0,IFERROR(VLOOKUP($M:$M,'Price_Per_Oz_01.2019~'!$A:$CQ,Data_sheet_PTD!BY$2,0),0)) -> 0 | BZ10: =BU10 -> 0 | CA10: =IF(OR(AA10=0,BA10=0),0,AA10/BA10) -> 0 | CB10: =IF(OR(AB10=0,BB10=0),0,AB10/BB10) -> 0 | CC10: =IF(OR(AC10=0,BC10=0),0,AC10/BC10) -> 0 | CD10: =IF(OR(AD10=0,BD10=0),0,AD10/BD10) -> 0 | CE10: =IF(OR(AE10=0,BE10=0),0,AE10/BE10) -> 0 | CF10: =IF(OR(AF10=0,BF10=0),0,AF10/BF10) -> 0 | CG10: =IF(OR(AG10=0,BG10=0),0,AG10/BG10) -> 0 | CH10: =IF(OR(AH10=0,BH10=0),0,AH10/BH10) -> 0 | ... CL10: =IF(OR(AL10=0,BL10=0),0,AL10/BL10) -> 0 | CM10: =SUM(CA10:CL10) -> 0 | CN10: =IF(OR(AN10=0,BN10=0),0,AN10/BN10) -> 0 | CO10: =IF(OR(AO10=0,BO10=0),0,AO10/BO10) -> 0 | CP10: =IF(OR(AP10=0,BP10=0),0,AP10/BP10) -> 0 | CQ10: =IF(OR(AQ10=0,BQ10=0),0,AQ10/BQ10) -> 0 | CR10: =IF(OR(AR10=0,BR10=0),0,AR10/BR10) -> 0 | CS10: =IF(OR(AS10=0,BS10=0),0,AS10/BS10) -> 0 | CT10: =IF(OR(AT10=0,BT10=0),0,AT10/BT10) -> 0 | CU10: =IF(OR(AU10=0,BU10=0),0,AU10/BU10) -> 0 | ... CY10: =IF(OR(AY10=0,BY10=0),0,AY10/BY10) -> 0 | CZ10: =SUM(CN10:CY10) -> 0 | DA10: =IF(OR(CN10=0,CA10=0),AN10-AA10,(CN10-CA10)*BA10) -> 0 | DB10: =IF(OR(CO10=0,CB10=0),AO10-AB10,(CO10-CB10)*BB10) -> 0 | DC10: =IF(OR(CP10=0,CC10=0),AP10-AC10,(CP10-CC10)*BC10) -> 0 | DD10: =IF(OR(CQ10=0,CD10=0),AQ10-AD10,(CQ10-CD10)*BD10) -> 0 | DE10: =IF(OR(CR10=0,CE10=0),AR10-AE10,(CR10-CE10)*BE10) -> 0 | DF10: =IF(OR(CS10=0,CF10=0),AS10-AF10,(CS10-CF10)*BF10) -> 0 | DG10: =IF(OR(CT10=0,CG10=0),AT10-AG10,(CT10-CG10)*BG10) -> 0 | DH10: =IF(OR(CU10=0,CH10=0),AU10-AH10,(CU10-CH10)*BH10) -> 0 | ... DL10: =IF(OR(CY10=0,CL10=0),AY10-AL10,(CY10-CL10)*BL10) -> 0 | DM10: =SUM(DA10:DL10) -> 0 | DN10: =IF(OR(AA10=0,AN10=0),0,(BN10-BA10)*CN10) -> 0 | DO10: =IF(OR(AB10=0,AO10=0),0,(BO10-BB10)*CO10) -> 0 | DP10: =IF(OR(AC10=0,AP10=0),0,(BP10-BC10)*CP10) -> 0 | DQ10: =IF(OR(AD10=0,AQ10=0),0,(BQ10-BD10)*CQ10) -> 0 | DR10: =IF(OR(AE10=0,AR10=0),0,(BR10-BE10)*CR10) -> 0 | DS10: =IF(OR(AF10=0,AS10=0),0,(BS10-BF10)*CS10) -> 0 | DT10: =IF(OR(AG10=0,AT10=0),0,(BT10-BG10)*CT10) -> 0 | DU10: =IF(OR(AH10=0,AU10=0),0,(BU10-BH10)*CU10) -> 0 | ... DY10: =IF(OR(AL10=0,AY10=0),0,(BY10-BL10)*CY10) -> 0 | DZ10: =SUM(DN10:DY10) -> 0 | EB10: =(AN10-AA10)-(DA10+DN10) -> 0 | EC10: =(AO10-AB10)-(DB10+DO10) -> 0 | ED10: =(AP10-AC10)-(DC10+DP10) -> 0 | EE10: =(AQ10-AD10)-(DD10+DQ10) -> 0 | EF10: =(AR10-AE10)-(DE10+DR10) -> 0 | EG10: =(AS10-AF10)-(DF10+DS10) -> 0 | EH10: =(AT10-AG10)-(DG10+DT10) -> 0 | EI10: =(AU10-AH10)-(DH10+DU10) -> 0 | ... EM10: =(AY10-AL10)-(DL10+DY10) -> 0
C11: Volume | D11: oz | E11: =E9/E10 -> 192.30769 | F11: =F9/F10 -> 203.38983 | M11: CA102 | N11: =IFERROR(VLOOKUP($M:$M,'Data 2'!$C:$R,'Data 2'!E$1,0),0) -> 0 | O11: =IFERROR(VLOOKUP($M:$M,'Data 2'!$C:$R,'Data 2'!F$1,0),0) -> 0 | P11: =IFERROR(VLOOKUP($M:$M,'Data 2'!$C:$R,'Data 2'!G$1,0),0) -> 0 | Q11: =IFERROR(VLOOKUP($M:$M,'Data 2'!$C:$R,'Data 2'!H$1,0),0) -> 0 | R11: =IFERROR(VLOOKUP($M:$M,'Data 2'!$C:$R,'Data 2'!I$1,0),0) -> 0 | S11: =IFERROR(VLOOKUP($M:$M,'Data 2'!$C:$R,'Data 2'!J$1,0),0) -> 0 | T11: =IFERROR(VLOOKUP($M:$M,'Data 2'!$C:$R,'Data 2'!K$1,0),0) -> 0 | U11: =IFERROR(VLOOKUP($M:$M,'Data 2'!$C:$R,'Data 2'!L$1,0),0) -> 0 | ... Y11: =IFERROR(VLOOKUP($M:$M,'Data 2'!$C:$R,'Data 2'!P$1,0),0) -> 0 | Z11: =SUM(N11:Q11) -> 0 | AA11: =IFERROR(VLOOKUP($M:$M,'Data 2'!$U:$AI,'Data 2'!W$1,0),0) -> 0 | AB11: =IFERROR(VLOOKUP($M:$M,'Data 2'!$U:$AI,'Data 2'!X$1,0),0) -> 0 | AC11: =IFERROR(VLOOKUP($M:$M,'Data 2'!$U:$AI,'Data 2'!Y$1,0),0) -> 0 | AD11: =IFERROR(VLOOKUP($M:$M,'Data 2'!$U:$AI,'Data 2'!Z$1,0),0) -> 0 | AE11: =IFERROR(VLOOKUP($M:$M,'Data 2'!$U:$AI,'Data 2'!AA$1,0),0) -> 0 | AF11: =IFERROR(VLOOKUP($M:$M,'Data 2'!$U:$AI,'Data 2'!AB$1,0),0) -> 0 | AG11: =IFERROR(VLOOKUP($M:$M,'Data 2'!$U:$AI,'Data 2'!AC$1,0),0) -> 0 | AH11: =IFERROR(VLOOKUP($M:$M,'Data 2'!$U:$AI,'Data 2'!AD$1,0),0) -> 0 | ... AL11: =IFERROR(VLOOKUP($M:$M,'Data 2'!$U:$AI,'Data 2'!AH$1,0),0) -> 0 | AM11: =SUM(AA11:AL11) -> 0 | AN11: =IFERROR(VLOOKUP($M:$M,'Data 2'!$AP:$BE,'Data 2'!AR$1,0),0) -> 0 | AO11: =IFERROR(VLOOKUP($M:$M,'Data 2'!$AP:$BE,'Data 2'!AS$1,0),0) -> 0 | AP11: =IFERROR(VLOOKUP($M:$M,'Data 2'!$AP:$BE,'Data 2'!AT$1,0),0) -> 0 | AQ11: =IFERROR(VLOOKUP($M:$M,'Data 2'!$AP:$BE,'Data 2'!AU$1,0),0) -> 0 | AR11: =IFERROR(VLOOKUP($M:$M,'Data 2'!$AP:$BE,'Data 2'!AV$1,0),0) -> 0 | AS11: =IFERROR(VLOOKUP($M:$M,'Data 2'!$AP:$BE,'Data 2'!AW$1,0),0) -> 0 | AT11: =IFERROR(VLOOKUP($M:$M,'Data 2'!$AP:$BE,'Data 2'!AX$1,0),0) -> 0 | AU11: =IFERROR(VLOOKUP($M:$M,'Data 2'!$AP:$BE,'Data 2'!AY$1,0),0) -> 0 | ... AY11: =IFERROR(VLOOKUP($M:$M,'Data 2'!$AP:$BE,'Data 2'!BC$1,0),0) -> 0 | AZ11: =SUM(AN11:AY11) -> 0 | BA11: =IF(AA11=0,0,IFERROR(VLOOKUP($M:$M,'Price_Per_Oz_01.2019~'!$A:$CQ,Data_sheet_PTD!BA$2,0),0)) -> 0 | BB11: =IF(AB11=0,0,IFERROR(VLOOKUP($M:$M,'Price_Per_Oz_01.2019~'!$A:$CQ,Data_sheet_PTD!BB$2,0),0)) -> 0 | BC11: =IF(AC11=0,0,IFERROR(VLOOKUP($M:$M,'Price_Per_Oz_01.2019~'!$A:$CQ,Data_sheet_PTD!BC$2,0),0)) -> 0 | BD11: =IF(AD11=0,0,IFERROR(VLOOKUP($M:$M,'Price_Per_Oz_01.2019~'!$A:$CQ,Data_sheet_PTD!BD$2,0),0)) -> 0 | BE11: =IF(AE11=0,0,IFERROR(VLOOKUP($M:$M,'Price_Per_Oz_01.2019~'!$A:$CQ,Data_sheet_PTD!BE$2,0),0)) -> 0 | BF11: =IF(AF11=0,0,IFERROR(VLOOKUP($M:$M,'Price_Per_Oz_01.2019~'!$A:$CQ,Data_sheet_PTD!BF$2,0),0)) -> 0 | BG11: =IF(AG11=0,0,IFERROR(VLOOKUP($M:$M,'Price_Per_Oz_01.2019~'!$A:$CQ,Data_sheet_PTD!BG$2,0),0)) -> 0 | BH11: =IF(AH11=0,0,IFERROR(VLOOKUP($M:$M,'Price_Per_Oz_01.2019~'!$A:$CQ,Data_sheet_PTD!BH$2,0),0)) -> 0 | ... BL11: =IF(AL11=0,0,IFERROR(VLOOKUP($M:$M,'Price_Per_Oz_01.2019~'!$A:$CQ,Data_sheet_PTD!BL$2,0),0)) -> 0 | BM11: =BH11 -> 0 | BN11: =IF(AN11=0,0,IFERROR(VLOOKUP($M:$M,'Price_Per_Oz_01.2019~'!$A:$CQ,Data_sheet_PTD!BN$2,0),0)) -> 0 | BO11: =IF(AO11=0,0,IFERROR(VLOOKUP($M:$M,'Price_Per_Oz_01.2019~'!$A:$CQ,Data_sheet_PTD!BO$2,0),0)) -> 0 | BP11: =IF(AP11=0,0,IFERROR(VLOOKUP($M:$M,'Price_Per_Oz_01.2019~'!$A:$CQ,Data_sheet_PTD!BP$2,0),0)) -> 0 | BQ11: =IF(AQ11=0,0,IFERROR(VLOOKUP($M:$M,'Price_Per_Oz_01.2019~'!$A:$CQ,Data_sheet_PTD!BQ$2,0),0)) -> 0 | BR11: =IF(AR11=0,0,IFERROR(VLOOKUP($M:$M,'Price_Per_Oz_01.2019~'!$A:$CQ,Data_sheet_PTD!BR$2,0),0)) -> 0 | BS11: =IF(AS11=0,0,IFERROR(VLOOKUP($M:$M,'Price_Per_Oz_01.2019~'!$A:$CQ,Data_sheet_PTD!BS$2,0),0)) -> 0 | BT11: =IF(AT11=0,0,IFERROR(VLOOKUP($M:$M,'Price_Per_Oz_01.2019~'!$A:$CQ,Data_sheet_PTD!BT$2,0),0)) -> 0 | BU11: =IF(AU11=0,0,IFERROR(VLOOKUP($M:$M,'Price_Per_Oz_01.2019~'!$A:$CQ,Data_sheet_PTD!BU$2,0),0)) -> 0 | ... BY11: =IF(AY11=0,0,IFERROR(VLOOKUP($M:$M,'Price_Per_Oz_01.2019~'!$A:$CQ,Data_sheet_PTD!BY$2,0),0)) -> 0 | BZ11: =BU11 -> 0 | CA11: =IF(OR(AA11=0,BA11=0),0,AA11/BA11) -> 0 | CB11: =IF(OR(AB11=0,BB11=0),0,AB11/BB11) -> 0 | CC11: =IF(OR(AC11=0,BC11=0),0,AC11/BC11) -> 0 | CD11: =IF(OR(AD11=0,BD11=0),0,AD11/BD11) -> 0 | CE11: =IF(OR(AE11=0,BE11=0),0,AE11/BE11) -> 0 | CF11: =IF(OR(AF11=0,BF11=0),0,AF11/BF11) -> 0 | CG11: =IF(OR(AG11=0,BG11=0),0,AG11/BG11) -> 0 | CH11: =IF(OR(AH11=0,BH11=0),0,AH11/BH11) -> 0 | ... CL11: =IF(OR(AL11=0,BL11=0),0,AL11/BL11) -> 0 | CM11: =SUM(CA11:CL11) -> 0 | CN11: =IF(OR(AN11=0,BN11=0),0,AN11/BN11) -> 0 | CO11: =IF(OR(AO11=0,BO11=0),0,AO11/BO11) -> 0 | CP11: =IF(OR(AP11=0,BP11=0),0,AP11/BP11) -> 0 | CQ11: =IF(OR(AQ11=0,BQ11=0),0,AQ11/BQ11) -> 0 | CR11: =IF(OR(AR11=0,BR11=0),0,AR11/BR11) -> 0 | CS11: =IF(OR(AS11=0,BS11=0),0,AS11/BS11) -> 0 | CT11: =IF(OR(AT11=0,BT11=0),0,AT11/BT11) -> 0 | CU11: =IF(OR(AU11=0,BU11=0),0,AU11/BU11) -> 0 | ... CY11: =IF(OR(AY11=0,BY11=0),0,AY11/BY11) -> 0 | CZ11: =SUM(CN11:CY11) -> 0 | DA11: =IF(OR(CN11=0,CA11=0),AN11-AA11,(CN11-CA11)*BA11) -> 0 | DB11: =IF(OR(CO11=0,CB11=0),AO11-AB11,(CO11-CB11)*BB11) -> 0 | DC11: =IF(OR(CP11=0,CC11=0),AP11-AC11,(CP11-CC11)*BC11) -> 0 | DD11: =IF(OR(CQ11=0,CD11=0),AQ11-AD11,(CQ11-CD11)*BD11) -> 0 | DE11: =IF(OR(CR11=0,CE11=0),AR11-AE11,(CR11-CE11)*BE11) -> 0 | DF11: =IF(OR(CS11=0,CF11=0),AS11-AF11,(CS11-CF11)*BF11) -> 0 | DG11: =IF(OR(CT11=0,CG11=0),AT11-AG11,(CT11-CG11)*BG11) -> 0 | DH11: =IF(OR(CU11=0,CH11=0),AU11-AH11,(CU11-CH11)*BH11) -> 0 | ... DL11: =IF(OR(CY11=0,CL11=0),AY11-AL11,(CY11-CL11)*BL11) -> 0 | DM11: =SUM(DA11:DL11) -> 0 | DN11: =IF(OR(AA11=0,AN11=0),0,(BN11-BA11)*CN11) -> 0 | DO11: =IF(OR(AB11=0,AO11=0),0,(BO11-BB11)*CO11) -> 0 | DP11: =IF(OR(AC11=0,AP11=0),0,(BP11-BC11)*CP11) -> 0 | DQ11: =IF(OR(AD11=0,AQ11=0),0,(BQ11-BD11)*CQ11) -> 0 | DR11: =IF(OR(AE11=0,AR11=0),0,(BR11-BE11)*CR11) -> 0 | DS11: =IF(OR(AF11=0,AS11=0),0,(BS11-BF11)*CS11) -> 0 | DT11: =IF(OR(AG11=0,AT11=0),0,(BT11-BG11)*CT11) -> 0 | DU11: =IF(OR(AH11=0,AU11=0),0,(BU11-BH11)*CU11) -> 0 | ... DY11: =IF(OR(AL11=0,AY11=0),0,(BY11-BL11)*CY11) -> 0 | DZ11: =SUM(DN11:DY11) -> 0 | EB11: =(AN11-AA11)-(DA11+DN11) -> 0 | EC11: =(AO11-AB11)-(DB11+DO11) -> 0 | ED11: =(AP11-AC11)-(DC11+DP11) -> 0 | EE11: =(AQ11-AD11)-(DD11+DQ11) -> 0 | EF11: =(AR11-AE11)-(DE11+DR11) -> 0 | EG11: =(AS11-AF11)-(DF11+DS11) -> 0 | EH11: =(AT11-AG11)-(DG11+DT11) -> 0 | EI11: =(AU11-AH11)-(DH11+DU11) -> 0 | ... EM11: =(AY11-AL11)-(DL11+DY11) -> 0
M12: CA103 | N12: =IFERROR(VLOOKUP($M:$M,'Data 2'!$C:$R,'Data 2'!E$1,0),0) -> 26174.3 | O12: =IFERROR(VLOOKUP($M:$M,'Data 2'!$C:$R,'Data 2'!F$1,0),0) -> 0 | P12: =IFERROR(VLOOKUP($M:$M,'Data 2'!$C:$R,'Data 2'!G$1,0),0) -> 0 | Q12: =IFERROR(VLOOKUP($M:$M,'Data 2'!$C:$R,'Data 2'!H$1,0),0) -> 0 | R12: =IFERROR(VLOOKUP($M:$M,'Data 2'!$C:$R,'Data 2'!I$1,0),0) -> 0 | S12: =IFERROR(VLOOKUP($M:$M,'Data 2'!$C:$R,'Data 2'!J$1,0),0) -> 0 | T12: =IFERROR(VLOOKUP($M:$M,'Data 2'!$C:$R,'Data 2'!K$1,0),0) -> 0 | U12: =IFERROR(VLOOKUP($M:$M,'Data 2'!$C:$R,'Data 2'!L$1,0),0) -> 0 | ... Y12: =IFERROR(VLOOKUP($M:$M,'Data 2'!$C:$R,'Data 2'!P$1,0),0) -> 0 | Z12: =SUM(N12:Q12) -> 26174.3 | AA12: =IFERROR(VLOOKUP($M:$M,'Data 2'!$U:$AI,'Data 2'!W$1,0),0) -> 0 | AB12: =IFERROR(VLOOKUP($M:$M,'Data 2'!$U:$AI,'Data 2'!X$1,0),0) -> 0 | AC12: =IFERROR(VLOOKUP($M:$M,'Data 2'!$U:$AI,'Data 2'!Y$1,0),0) -> 0 | AD12: =IFERROR(VLOOKUP($M:$M,'Data 2'!$U:$AI,'Data 2'!Z$1,0),0) -> 0 | AE12: =IFERROR(VLOOKUP($M:$M,'Data 2'!$U:$AI,'Data 2'!AA$1,0),0) -> 0 | AF12: =IFERROR(VLOOKUP($M:$M,'Data 2'!$U:$AI,'Data 2'!AB$1,0),0) -> 0 | AG12: =IFERROR(VLOOKUP($M:$M,'Data 2'!$U:$AI,'Data 2'!AC$1,0),0) -> 0 | AH12: =IFERROR(VLOOKUP($M:$M,'Data 2'!$U:$AI,'Data 2'!AD$1,0),0) -> 0 | ... AL12: =IFERROR(VLOOKUP($M:$M,'Data 2'!$U:$AI,'Data 2'!AH$1,0),0) -> 0 | AM12: =SUM(AA12:AL12) -> 0 | AN12: =IFERROR(VLOOKUP($M:$M,'Data 2'!$AP:$BE,'Data 2'!AR$1,0),0) -> 0 | AO12: =IFERROR(VLOOKUP($M:$M,'Data 2'!$AP:$BE,'Data 2'!AS$1,0),0) -> 0 | AP12: =IFERROR(VLOOKUP($M:$M,'Data 2'!$AP:$BE,'Data 2'!AT$1,0),0) -> 0 | AQ12: =IFERROR(VLOOKUP($M:$M,'Data 2'!$AP:$BE,'Data 2'!AU$1,0),0) -> 0 | AR12: =IFERROR(VLOOKUP($M:$M,'Data 2'!$AP:$BE,'Data 2'!AV$1,0),0) -> 0 | AS12: =IFERROR(VLOOKUP($M:$M,'Data 2'!$AP:$BE,'Data 2'!AW$1,0),0) -> 0 | AT12: =IFERROR(VLOOKUP($M:$M,'Data 2'!$AP:$BE,'Data 2'!AX$1,0),0) -> 0 | AU12: =IFERROR(VLOOKUP($M:$M,'Data 2'!$AP:$BE,'Data 2'!AY$1,0),0) -> 0 | ... AY12: =IFERROR(VLOOKUP($M:$M,'Data 2'!$AP:$BE,'Data 2'!BC$1,0),0) -> 0 | AZ12: =SUM(AN12:AY12) -> 0 | BA12: =IF(AA12=0,0,IFERROR(VLOOKUP($M:$M,'Price_Per_Oz_01.2019~'!$A:$CQ,Data_sheet_PTD!BA$2,0),0)) -> 0 | BB12: =IF(AB12=0,0,IFERROR(VLOOKUP($M:$M,'Price_Per_Oz_01.2019~'!$A:$CQ,Data_sheet_PTD!BB$2,0),0)) -> 0 | BC12: =IF(AC12=0,0,IFERROR(VLOOKUP($M:$M,'Price_Per_Oz_01.2019~'!$A:$CQ,Data_sheet_PTD!BC$2,0),0)) -> 0 | BD12: =IF(AD12=0,0,IFERROR(VLOOKUP($M:$M,'Price_Per_Oz_01.2019~'!$A:$CQ,Data_sheet_PTD!BD$2,0),0)) -> 0 | BE12: =IF(AE12=0,0,IFERROR(VLOOKUP($M:$M,'Price_Per_Oz_01.2019~'!$A:$CQ,Data_sheet_PTD!BE$2,0),0)) -> 0 | BF12: =IF(AF12=0,0,IFERROR(VLOOKUP($M:$M,'Price_Per_Oz_01.2019~'!$A:$CQ,Data_sheet_PTD!BF$2,0),0)) -> 0 | BG12: =IF(AG12=0,0,IFERROR(VLOOKUP($M:$M,'Price_Per_Oz_01.2019~'!$A:$CQ,Data_sheet_PTD!BG$2,0),0)) -> 0 | BH12: =IF(AH12=0,0,IFERROR(VLOOKUP($M:$M,'Price_Per_Oz_01.2019~'!$A:$CQ,Data_sheet_PTD!BH$2,0),0)) -> 0 | ... BL12: =IF(AL12=0,0,IFERROR(VLOOKUP($M:$M,'Price_Per_Oz_01.2019~'!$A:$CQ,Data_sheet_PTD!BL$2,0),0)) -> 0 | BM12: =BH12 -> 0 | BN12: =IF(AN12=0,0,IFERROR(VLOOKUP($M:$M,'Price_Per_Oz_01.2019~'!$A:$CQ,Data_sheet_PTD!BN$2,0),0)) -> 0 | BO12: =IF(AO12=0,0,IFERROR(VLOOKUP($M:$M,'Price_Per_Oz_01.2019~'!$A:$CQ,Data_sheet_PTD!BO$2,0),0)) -> 0 | BP12: =IF(AP12=0,0,IFERROR(VLOOKUP($M:$M,'Price_Per_Oz_01.2019~'!$A:$CQ,Data_sheet_PTD!BP$2,0),0)) -> 0 | BQ12: =IF(AQ12=0,0,IFERROR(VLOOKUP($M:$M,'Price_Per_Oz_01.2019~'!$A:$CQ,Data_sheet_PTD!BQ$2,0),0)) -> 0 | BR12: =IF(AR12=0,0,IFERROR(VLOOKUP($M:$M,'Price_Per_Oz_01.2019~'!$A:$CQ,Data_sheet_PTD!BR$2,0),0)) -> 0 | BS12: =IF(AS12=0,0,IFERROR(VLOOKUP($M:$M,'Price_Per_Oz_01.2019~'!$A:$CQ,Data_sheet_PTD!BS$2,0),0)) -> 0 | BT12: =IF(AT12=0,0,IFERROR(VLOOKUP($M:$M,'Price_Per_Oz_01.2019~'!$A:$CQ,Data_sheet_PTD!BT$2,0),0)) -> 0 | BU12: =IF(AU12=0,0,IFERROR(VLOOKUP($M:$M,'Price_Per_Oz_01.2019~'!$A:$CQ,Data_sheet_PTD!BU$2,0),0)) -> 0 | ... BY12: =IF(AY12=0,0,IFERROR(VLOOKUP($M:$M,'Price_Per_Oz_01.2019~'!$A:$CQ,Data_sheet_PTD!BY$2,0),0)) -> 0 | BZ12: =BU12 -> 0 | CA12: =IF(OR(AA12=0,BA12=0),0,AA12/BA12) -> 0 | CB12: =IF(OR(AB12=0,BB12=0),0,AB12/BB12) -> 0 | CC12: =IF(OR(AC12=0,BC12=0),0,AC12/BC12) -> 0 | CD12: =IF(OR(AD12=0,BD12=0),0,AD12/BD12) -> 0 | CE12: =IF(OR(AE12=0,BE12=0),0,AE12/BE12) -> 0 | CF12: =IF(OR(AF12=0,BF12=0),0,AF12/BF12) -> 0 | CG12: =IF(OR(AG12=0,BG12=0),0,AG12/BG12) -> 0 | CH12: =IF(OR(AH12=0,BH12=0),0,AH12/BH12) -> 0 | ... CL12: =IF(OR(AL12=0,BL12=0),0,AL12/BL12) -> 0 | CM12: =SUM(CA12:CL12) -> 0 | CN12: =IF(OR(AN12=0,BN12=0),0,AN12/BN12) -> 0 | CO12: =IF(OR(AO12=0,BO12=0),0,AO12/BO12) -> 0 | CP12: =IF(OR(AP12=0,BP12=0),0,AP12/BP12) -> 0 | CQ12: =IF(OR(AQ12=0,BQ12=0),0,AQ12/BQ12) -> 0 | CR12: =IF(OR(AR12=0,BR12=0),0,AR12/BR12) -> 0 | CS12: =IF(OR(AS12=0,BS12=0),0,AS12/BS12) -> 0 | CT12: =IF(OR(AT12=0,BT12=0),0,AT12/BT12) -> 0 | CU12: =IF(OR(AU12=0,BU12=0),0,AU12/BU12) -> 0 | ... CY12: =IF(OR(AY12=0,BY12=0),0,AY12/BY12) -> 0 | CZ12: =SUM(CN12:CY12) -> 0 | DA12: =IF(OR(CN12=0,CA12=0),AN12-AA12,(CN12-CA12)*BA12) -> 0 | DB12: =IF(OR(CO12=0,CB12=0),AO12-AB12,(CO12-CB12)*BB12) -> 0 | DC12: =IF(OR(CP12=0,CC12=0),AP12-AC12,(CP12-CC12)*BC12) -> 0 | DD12: =IF(OR(CQ12=0,CD12=0),AQ12-AD12,(CQ12-CD12)*BD12) -> 0 | DE12: =IF(OR(CR12=0,CE12=0),AR12-AE12,(CR12-CE12)*BE12) -> 0 | DF12: =IF(OR(CS12=0,CF12=0),AS12-AF12,(CS12-CF12)*BF12) -> 0 | DG12: =IF(OR(CT12=0,CG12=0),AT12-AG12,(CT12-CG12)*BG12) -> 0 | DH12: =IF(OR(CU12=0,CH12=0),AU12-AH12,(CU12-CH12)*BH12) -> 0 | ... DL12: =IF(OR(CY12=0,CL12=0),AY12-AL12,(CY12-CL12)*BL12) -> 0 | DM12: =SUM(DA12:DL12) -> 0 | DN12: =IF(OR(AA12=0,AN12=0),0,(BN12-BA12)*CN12) -> 0 | DO12: =IF(OR(AB12=0,AO12=0),0,(BO12-BB12)*CO12) -> 0 | DP12: =IF(OR(AC12=0,AP12=0),0,(BP12-BC12)*CP12) -> 0 | DQ12: =IF(OR(AD12=0,AQ12=0),0,(BQ12-BD12)*CQ12) -> 0 | DR12: =IF(OR(AE12=0,AR12=0),0,(BR12-BE12)*CR12) -> 0 | DS12: =IF(OR(AF12=0,AS12=0),0,(BS12-BF12)*CS12) -> 0 | DT12: =IF(OR(AG12=0,AT12=0),0,(BT12-BG12)*CT12) -> 0 | DU12: =IF(OR(AH12=0,AU12=0),0,(BU12-BH12)*CU12) -> 0 | ... DY12: =IF(OR(AL12=0,AY12=0),0,(BY12-BL12)*CY12) -> 0 | DZ12: =SUM(DN12:DY12) -> 0 | EB12: =(AN12-AA12)-(DA12+DN12) -> 0 | EC12: =(AO12-AB12)-(DB12+DO12) -> 0 | ED12: =(AP12-AC12)-(DC12+DP12) -> 0 | EE12: =(AQ12-AD12)-(DD12+DQ12) -> 0 | EF12: =(AR12-AE12)-(DE12+DR12) -> 0 | EG12: =(AS12-AF12)-(DF12+DS12) -> 0 | EH12: =(AT12-AG12)-(DG12+DT12) -> 0 | EI12: =(AU12-AH12)-(DH12+DU12) -> 0 | ... EM12: =(AY12-AL12)-(DL12+DY12) -> 0
M13: CA105 | N13: =IFERROR(VLOOKUP($M:$M,'Data 2'!$C:$R,'Data 2'!E$1,0),0) -> 0 | O13: =IFERROR(VLOOKUP($M:$M,'Data 2'!$C:$R,'Data 2'!F$1,0),0) -> 0 | P13: =IFERROR(VLOOKUP($M:$M,'Data 2'!$C:$R,'Data 2'!G$1,0),0) -> 0 | Q13: =IFERROR(VLOOKUP($M:$M,'Data 2'!$C:$R,'Data 2'!H$1,0),0) -> 0 | R13: =IFERROR(VLOOKUP($M:$M,'Data 2'!$C:$R,'Data 2'!I$1,0),0) -> 0 | S13: =IFERROR(VLOOKUP($M:$M,'Data 2'!$C:$R,'Data 2'!J$1,0),0) -> 0 | T13: =IFERROR(VLOOKUP($M:$M,'Data 2'!$C:$R,'Data 2'!K$1,0),0) -> 0 | U13: =IFERROR(VLOOKUP($M:$M,'Data 2'!$C:$R,'Data 2'!L$1,0),0) -> 0 | ... Y13: =IFERROR(VLOOKUP($M:$M,'Data 2'!$C:$R,'Data 2'!P$1,0),0) -> 0 | Z13: =SUM(N13:Q13) -> 0 | AA13: =IFERROR(VLOOKUP($M:$M,'Data 2'!$U:$AI,'Data 2'!W$1,0),0) -> 0 | AB13: =IFERROR(VLOOKUP($M:$M,'Data 2'!$U:$AI,'Data 2'!X$1,0),0) -> 0 | AC13: =IFERROR(VLOOKUP($M:$M,'Data 2'!$U:$AI,'Data 2'!Y$1,0),0) -> 0 | AD13: =IFERROR(VLOOKUP($M:$M,'Data 2'!$U:$AI,'Data 2'!Z$1,0),0) -> 0 | AE13: =IFERROR(VLOOKUP($M:$M,'Data 2'!$U:$AI,'Data 2'!AA$1,0),0) -> 0 | AF13: =IFERROR(VLOOKUP($M:$M,'Data 2'!$U:$AI,'Data 2'!AB$1,0),0) -> 0 | AG13: =IFERROR(VLOOKUP($M:$M,'Data 2'!$U:$AI,'Data 2'!AC$1,0),0) -> 0 | AH13: =IFERROR(VLOOKUP($M:$M,'Data 2'!$U:$AI,'Data 2'!AD$1,0),0) -> 0 | ... AL13: =IFERROR(VLOOKUP($M:$M,'Data 2'!$U:$AI,'Data 2'!AH$1,0),0) -> 0 | AM13: =SUM(AA13:AL13) -> 0 | AN13: =IFERROR(VLOOKUP($M:$M,'Data 2'!$AP:$BE,'Data 2'!AR$1,0),0) -> 0 | AO13: =IFERROR(VLOOKUP($M:$M,'Data 2'!$AP:$BE,'Data 2'!AS$1,0),0) -> 0 | AP13: =IFERROR(VLOOKUP($M:$M,'Data 2'!$AP:$BE,'Data 2'!AT$1,0),0) -> 0 | AQ13: =IFERROR(VLOOKUP($M:$M,'Data 2'!$AP:$BE,'Data 2'!AU$1,0),0) -> 0 | AR13: =IFERROR(VLOOKUP($M:$M,'Data 2'!$AP:$BE,'Data 2'!AV$1,0),0) -> 0 | AS13: =IFERROR(VLOOKUP($M:$M,'Data 2'!$AP:$BE,'Data 2'!AW$1,0),0) -> 0 | AT13: =IFERROR(VLOOKUP($M:$M,'Data 2'!$AP:$BE,'Data 2'!AX$1,0),0) -> 0 | AU13: =IFERROR(VLOOKUP($M:$M,'Data 2'!$AP:$BE,'Data 2'!AY$1,0),0) -> 0 | ... AY13: =IFERROR(VLOOKUP($M:$M,'Data 2'!$AP:$BE,'Data 2'!BC$1,0),0) -> 0 | AZ13: =SUM(AN13:AY13) -> 0 | BA13: =IF(AA13=0,0,IFERROR(VLOOKUP($M:$M,'Price_Per_Oz_01.2019~'!$A:$CQ,Data_sheet_PTD!BA$2,0),0)) -> 0 | BB13: =IF(AB13=0,0,IFERROR(VLOOKUP($M:$M,'Price_Per_Oz_01.2019~'!$A:$CQ,Data_sheet_PTD!BB$2,0),0)) -> 0 | BC13: =IF(AC13=0,0,IFERROR(VLOOKUP($M:$M,'Price_Per_Oz_01.2019~'!$A:$CQ,Data_sheet_PTD!BC$2,0),0)) -> 0 | BD13: =IF(AD13=0,0,IFERROR(VLOOKUP($M:$M,'Price_Per_Oz_01.2019~'!$A:$CQ,Data_sheet_PTD!BD$2,0),0)) -> 0 | BE13: =IF(AE13=0,0,IFERROR(VLOOKUP($M:$M,'Price_Per_Oz_01.2019~'!$A:$CQ,Data_sheet_PTD!BE$2,0),0)) -> 0 | BF13: =IF(AF13=0,0,IFERROR(VLOOKUP($M:$M,'Price_Per_Oz_01.2019~'!$A:$CQ,Data_sheet_PTD!BF$2,0),0)) -> 0 | BG13: =IF(AG13=0,0,IFERROR(VLOOKUP($M:$M,'Price_Per_Oz_01.2019~'!$A:$CQ,Data_sheet_PTD!BG$2,0),0)) -> 0 | BH13: =IF(AH13=0,0,IFERROR(VLOOKUP($M:$M,'Price_Per_Oz_01.2019~'!$A:$CQ,Data_sheet_PTD!BH$2,0),0)) -> 0 | ... BL13: =IF(AL13=0,0,IFERROR(VLOOKUP($M:$M,'Price_Per_Oz_01.2019~'!$A:$CQ,Data_sheet_PTD!BL$2,0),0)) -> 0 | BM13: =BH13 -> 0 | BN13: =IF(AN13=0,0,IFERROR(VLOOKUP($M:$M,'Price_Per_Oz_01.2019~'!$A:$CQ,Data_sheet_PTD!BN$2,0),0)) -> 0 | BO13: =IF(AO13=0,0,IFERROR(VLOOKUP($M:$M,'Price_Per_Oz_01.2019~'!$A:$CQ,Data_sheet_PTD!BO$2,0),0)) -> 0 | BP13: =IF(AP13=0,0,IFERROR(VLOOKUP($M:$M,'Price_Per_Oz_01.2019~'!$A:$CQ,Data_sheet_PTD!BP$2,0),0)) -> 0 | BQ13: =IF(AQ13=0,0,IFERROR(VLOOKUP($M:$M,'Price_Per_Oz_01.2019~'!$A:$CQ,Data_sheet_PTD!BQ$2,0),0)) -> 0 | BR13: =IF(AR13=0,0,IFERROR(VLOOKUP($M:$M,'Price_Per_Oz_01.2019~'!$A:$CQ,Data_sheet_PTD!BR$2,0),0)) -> 0 | BS13: =IF(AS13=0,0,IFERROR(VLOOKUP($M:$M,'Price_Per_Oz_01.2019~'!$A:$CQ,Data_sheet_PTD!BS$2,0),0)) -> 0 | BT13: =IF(AT13=0,0,IFERROR(VLOOKUP($M:$M,'Price_Per_Oz_01.2019~'!$A:$CQ,Data_sheet_PTD!BT$2,0),0)) -> 0 | BU13: =IF(AU13=0,0,IFERROR(VLOOKUP($M:$M,'Price_Per_Oz_01.2019~'!$A:$CQ,Data_sheet_PTD!BU$2,0),0)) -> 0 | ... BY13: =IF(AY13=0,0,IFERROR(VLOOKUP($M:$M,'Price_Per_Oz_01.2019~'!$A:$CQ,Data_sheet_PTD!BY$2,0),0)) -> 0 | BZ13: =BU13 -> 0 | CA13: =IF(OR(AA13=0,BA13=0),0,AA13/BA13) -> 0 | CB13: =IF(OR(AB13=0,BB13=0),0,AB13/BB13) -> 0 | CC13: =IF(OR(AC13=0,BC13=0),0,AC13/BC13) -> 0 | CD13: =IF(OR(AD13=0,BD13=0),0,AD13/BD13) -> 0 | CE13: =IF(OR(AE13=0,BE13=0),0,AE13/BE13) -> 0 | CF13: =IF(OR(AF13=0,BF13=0),0,AF13/BF13) -> 0 | CG13: =IF(OR(AG13=0,BG13=0),0,AG13/BG13) -> 0 | CH13: =IF(OR(AH13=0,BH13=0),0,AH13/BH13) -> 0 | ... CL13: =IF(OR(AL13=0,BL13=0),0,AL13/BL13) -> 0 | CM13: =SUM(CA13:CL13) -> 0 | CN13: =IF(OR(AN13=0,BN13=0),0,AN13/BN13) -> 0 | CO13: =IF(OR(AO13=0,BO13=0),0,AO13/BO13) -> 0 | CP13: =IF(OR(AP13=0,BP13=0),0,AP13/BP13) -> 0 | CQ13: =IF(OR(AQ13=0,BQ13=0),0,AQ13/BQ13) -> 0 | CR13: =IF(OR(AR13=0,BR13=0),0,AR13/BR13) -> 0 | CS13: =IF(OR(AS13=0,BS13=0),0,AS13/BS13) -> 0 | CT13: =IF(OR(AT13=0,BT13=0),0,AT13/BT13) -> 0 | CU13: =IF(OR(AU13=0,BU13=0),0,AU13/BU13) -> 0 | ... CY13: =IF(OR(AY13=0,BY13=0),0,AY13/BY13) -> 0 | CZ13: =SUM(CN13:CY13) -> 0 | DA13: =IF(OR(CN13=0,CA13=0),AN13-AA13,(CN13-CA13)*BA13) -> 0 | DB13: =IF(OR(CO13=0,CB13=0),AO13-AB13,(CO13-CB13)*BB13) -> 0 | DC13: =IF(OR(CP13=0,CC13=0),AP13-AC13,(CP13-CC13)*BC13) -> 0 | DD13: =IF(OR(CQ13=0,CD13=0),AQ13-AD13,(CQ13-CD13)*BD13) -> 0 | DE13: =IF(OR(CR13=0,CE13=0),AR13-AE13,(CR13-CE13)*BE13) -> 0 | DF13: =IF(OR(CS13=0,CF13=0),AS13-AF13,(CS13-CF13)*BF13) -> 0 | DG13: =IF(OR(CT13=0,CG13=0),AT13-AG13,(CT13-CG13)*BG13) -> 0 | DH13: =IF(OR(CU13=0,CH13=0),AU13-AH13,(CU13-CH13)*BH13) -> 0 | ... DL13: =IF(OR(CY13=0,CL13=0),AY13-AL13,(CY13-CL13)*BL13) -> 0 | DM13: =SUM(DA13:DL13) -> 0 | DN13: =IF(OR(AA13=0,AN13=0),0,(BN13-BA13)*CN13) -> 0 | DO13: =IF(OR(AB13=0,AO13=0),0,(BO13-BB13)*CO13) -> 0 | DP13: =IF(OR(AC13=0,AP13=0),0,(BP13-BC13)*CP13) -> 0 | DQ13: =IF(OR(AD13=0,AQ13=0),0,(BQ13-BD13)*CQ13) -> 0 | DR13: =IF(OR(AE13=0,AR13=0),0,(BR13-BE13)*CR13) -> 0 | DS13: =IF(OR(AF13=0,AS13=0),0,(BS13-BF13)*CS13) -> 0 | DT13: =IF(OR(AG13=0,AT13=0),0,(BT13-BG13)*CT13) -> 0 | DU13: =IF(OR(AH13=0,AU13=0),0,(BU13-BH13)*CU13) -> 0 | ... DY13: =IF(OR(AL13=0,AY13=0),0,(BY13-BL13)*CY13) -> 0 | DZ13: =SUM(DN13:DY13) -> 0 | EB13: =(AN13-AA13)-(DA13+DN13) -> 0 | EC13: =(AO13-AB13)-(DB13+DO13) -> 0 | ED13: =(AP13-AC13)-(DC13+DP13) -> 0 | EE13: =(AQ13-AD13)-(DD13+DQ13) -> 0 | EF13: =(AR13-AE13)-(DE13+DR13) -> 0 | EG13: =(AS13-AF13)-(DF13+DS13) -> 0 | EH13: =(AT13-AG13)-(DG13+DT13) -> 0 | EI13: =(AU13-AH13)-(DH13+DU13) -> 0 | ... EM13: =(AY13-AL13)-(DL13+DY13) -> 0
M14: CA106 | N14: =IFERROR(VLOOKUP($M:$M,'Data 2'!$C:$R,'Data 2'!E$1,0),0) -> 51480.44 | O14: =IFERROR(VLOOKUP($M:$M,'Data 2'!$C:$R,'Data 2'!F$1,0),0) -> 58438.56 | P14: =IFERROR(VLOOKUP($M:$M,'Data 2'!$C:$R,'Data 2'!G$1,0),0) -> 66349.86 | Q14: =IFERROR(VLOOKUP($M:$M,'Data 2'!$C:$R,'Data 2'!H$1,0),0) -> 88703.64 | R14: =IFERROR(VLOOKUP($M:$M,'Data 2'!$C:$R,'Data 2'!I$1,0),0) -> 95341.69 | S14: =IFERROR(VLOOKUP($M:$M,'Data 2'!$C:$R,'Data 2'!J$1,0),0) -> 103140.76 | T14: =IFERROR(VLOOKUP($M:$M,'Data 2'!$C:$R,'Data 2'!K$1,0),0) -> 107024.24 | U14: =IFERROR(VLOOKUP($M:$M,'Data 2'!$C:$R,'Data 2'!L$1,0),0) -> 101701.95 | ... Y14: =IFERROR(VLOOKUP($M:$M,'Data 2'!$C:$R,'Data 2'!P$1,0),0) -> 50798.23 | Z14: =SUM(N14:Q14) -> 264972.5 | AA14: =IFERROR(VLOOKUP($M:$M,'Data 2'!$U:$AI,'Data 2'!W$1,0),0) -> 62721.45 | AB14: =IFERROR(VLOOKUP($M:$M,'Data 2'!$U:$AI,'Data 2'!X$1,0),0) -> 63864.82 | AC14: =IFERROR(VLOOKUP($M:$M,'Data 2'!$U:$AI,'Data 2'!Y$1,0),0) -> 85680.18 | AD14: =IFERROR(VLOOKUP($M:$M,'Data 2'!$U:$AI,'Data 2'!Z$1,0),0) -> 98522.03 | AE14: =IFERROR(VLOOKUP($M:$M,'Data 2'!$U:$AI,'Data 2'!AA$1,0),0) -> 131057.53 | AF14: =IFERROR(VLOOKUP($M:$M,'Data 2'!$U:$AI,'Data 2'!AB$1,0),0) -> 155024.84 | AG14: =IFERROR(VLOOKUP($M:$M,'Data 2'!$U:$AI,'Data 2'!AC$1,0),0) -> 131736.34 | AH14: =IFERROR(VLOOKUP($M:$M,'Data 2'!$U:$AI,'Data 2'!AD$1,0),0) -> 120351.12 | ... AL14: =IFERROR(VLOOKUP($M:$M,'Data 2'!$U:$AI,'Data 2'!AH$1,0),0) -> 69224.17 | AM14: =SUM(AA14:AL14) -> 1185598.7 | AN14: =IFERROR(VLOOKUP($M:$M,'Data 2'!$AP:$BE,'Data 2'!AR$1,0),0) -> 81210.48 | AO14: =IFERROR(VLOOKUP($M:$M,'Data 2'!$AP:$BE,'Data 2'!AS$1,0),0) -> 77921.68 | AP14: =IFERROR(VLOOKUP($M:$M,'Data 2'!$AP:$BE,'Data 2'!AT$1,0),0) -> 98587.19 | AQ14: =IFERROR(VLOOKUP($M:$M,'Data 2'!$AP:$BE,'Data 2'!AU$1,0),0) -> 107723.88 | AR14: =IFERROR(VLOOKUP($M:$M,'Data 2'!$AP:$BE,'Data 2'!AV$1,0),0) -> 128468.33 | AS14: =IFERROR(VLOOKUP($M:$M,'Data 2'!$AP:$BE,'Data 2'!AW$1,0),0) -> 130400.66 | AT14: =IFERROR(VLOOKUP($M:$M,'Data 2'!$AP:$BE,'Data 2'!AX$1,0),0) -> 111658.89 | AU14: =IFERROR(VLOOKUP($M:$M,'Data 2'!$AP:$BE,'Data 2'!AY$1,0),0) -> 127846.13 | ... AY14: =IFERROR(VLOOKUP($M:$M,'Data 2'!$AP:$BE,'Data 2'!BC$1,0),0) -> 61579.08 | AZ14: =SUM(AN14:AY14) -> 1163682.4 | BA14: =IF(AA14=0,0,IFERROR(VLOOKUP($M:$M,'Price_Per_Oz_01.2019~'!$A:$CQ,Data_sheet_PTD!BA$2,0),0)) -> 0.75 | BB14: =IF(AB14=0,0,IFERROR(VLOOKUP($M:$M,'Price_Per_Oz_01.2019~'!$A:$CQ,Data_sheet_PTD!BB$2,0),0)) -> 0.75 | BC14: =IF(AC14=0,0,IFERROR(VLOOKUP($M:$M,'Price_Per_Oz_01.2019~'!$A:$CQ,Data_sheet_PTD!BC$2,0),0)) -> 0.79 | BD14: =IF(AD14=0,0,IFERROR(VLOOKUP($M:$M,'Price_Per_Oz_01.2019~'!$A:$CQ,Data_sheet_PTD!BD$2,0),0)) -> 0.79 | BE14: =IF(AE14=0,0,IFERROR(VLOOKUP($M:$M,'Price_Per_Oz_01.2019~'!$A:$CQ,Data_sheet_PTD!BE$2,0),0)) -> 0.79 | BF14: =IF(AF14=0,0,IFERROR(VLOOKUP($M:$M,'Price_Per_Oz_01.2019~'!$A:$CQ,Data_sheet_PTD!BF$2,0),0)) -> 0.79 | BG14: =IF(AG14=0,0,IFERROR(VLOOKUP($M:$M,'Price_Per_Oz_01.2019~'!$A:$CQ,Data_sheet_PTD!BG$2,0),0)) -> 0.79 | BH14: =IF(AH14=0,0,IFERROR(VLOOKUP($M:$M,'Price_Per_Oz_01.2019~'!$A:$CQ,Data_sheet_PTD!BH$2,0),0)) -> 0.79 | ... BL14: =IF(AL14=0,0,IFERROR(VLOOKUP($M:$M,'Price_Per_Oz_01.2019~'!$A:$CQ,Data_sheet_PTD!BL$2,0),0)) -> 0.79 | BM14: =BH14 -> 0.79 | BN14: =IF(AN14=0,0,IFERROR(VLOOKUP($M:$M,'Price_Per_Oz_01.2019~'!$A:$CQ,Data_sheet_PTD!BN$2,0),0)) -> 0.79 | BO14: =IF(AO14=0,0,IFERROR(VLOOKUP($M:$M,'Price_Per_Oz_01.2019~'!$A:$CQ,Data_sheet_PTD!BO$2,0),0)) -> 0.79 | BP14: =IF(AP14=0,0,IFERROR(VLOOKUP($M:$M,'Price_Per_Oz_01.2019~'!$A:$CQ,Data_sheet_PTD!BP$2,0),0)) -> 0.79 | BQ14: =IF(AQ14=0,0,IFERROR(VLOOKUP($M:$M,'Price_Per_Oz_01.2019~'!$A:$CQ,Data_sheet_PTD!BQ$2,0),0)) -> 0.83 | BR14: =IF(AR14=0,0,IFERROR(VLOOKUP($M:$M,'Price_Per_Oz_01.2019~'!$A:$CQ,Data_sheet_PTD!BR$2,0),0)) -> 0.83 | BS14: =IF(AS14=0,0,IFERROR(VLOOKUP($M:$M,'Price_Per_Oz_01.2019~'!$A:$CQ,Data_sheet_PTD!BS$2,0),0)) -> 0.83 | BT14: =IF(AT14=0,0,IFERROR(VLOOKUP($M:$M,'Price_Per_Oz_01.2019~'!$A:$CQ,Data_sheet_PTD!BT$2,0),0)) -> 0.83 | BU14: =IF(AU14=0,0,IFERROR(VLOOKUP($M:$M,'Price_Per_Oz_01.2019~'!$A:$CQ,Data_sheet_PTD!BU$2,0),0)) -> 0.83 | ... BY14: =IF(AY14=0,0,IFERROR(VLOOKUP($M:$M,'Price_Per_Oz_01.2019~'!$A:$CQ,Data_sheet_PTD!BY$2,0),0)) -> 0.89 | BZ14: =BU14 -> 0.83 | CA14: =IF(OR(AA14=0,BA14=0),0,AA14/BA14) -> 83628.6 | CB14: =IF(OR(AB14=0,BB14=0),0,AB14/BB14) -> 85153.093 | CC14: =IF(OR(AC14=0,BC14=0),0,AC14/BC14) -> 108455.92 | CD14: =IF(OR(AD14=0,BD14=0),0,AD14/BD14) -> 124711.43 | CE14: =IF(OR(AE14=0,BE14=0),0,AE14/BE14) -> 165895.61 | CF14: =IF(OR(AF14=0,BF14=0),0,AF14/BF14) -> 196233.97 | CG14: =IF(OR(AG14=0,BG14=0),0,AG14/BG14) -> 166754.86 | CH14: =IF(OR(AH14=0,BH14=0),0,AH14/BH14) -> 152343.19 | ... CL14: =IF(OR(AL14=0,BL14=0),0,AL14/BL14) -> 87625.532 | CM14: =SUM(CA14:CL14) -> 1509303.8 | CN14: =IF(OR(AN14=0,BN14=0),0,AN14/BN14) -> 102798.08 | CO14: =IF(OR(AO14=0,BO14=0),0,AO14/BO14) -> 98635.038 | CP14: =IF(OR(AP14=0,BP14=0),0,AP14/BP14) -> 124793.91 | CQ14: =IF(OR(AQ14=0,BQ14=0),0,AQ14/BQ14) -> 129787.81 | CR14: =IF(OR(AR14=0,BR14=0),0,AR14/BR14) -> 154781.12 | CS14: =IF(OR(AS14=0,BS14=0),0,AS14/BS14) -> 157109.23 | CT14: =IF(OR(AT14=0,BT14=0),0,AT14/BT14) -> 134528.78 | CU14: =IF(OR(AU14=0,BU14=0),0,AU14/BU14) -> 154031.48 | ... CY14: =IF(OR(AY14=0,BY14=0),0,AY14/BY14) -> 69189.978 | CZ14: =SUM(CN14:CY14) -> 1400723.4 | DA14: =IF(OR(CN14=0,CA14=0),AN14-AA14,(CN14-CA14)*BA14) -> 14377.107 | DB14: =IF(OR(CO14=0,CB14=0),AO14-AB14,(CO14-CB14)*BB14) -> 10111.458 | DC14: =IF(OR(CP14=0,CC14=0),AP14-AC14,(CP14-CC14)*BC14) -> 12907.01 | DD14: =IF(OR(CQ14=0,CD14=0),AQ14-AD14,(CQ14-CD14)*BD14) -> 4010.3377 | DE14: =IF(OR(CR14=0,CE14=0),AR14-AE14,(CR14-CE14)*BE14) -> -8780.4448 | DF14: =IF(OR(CS14=0,CF14=0),AS14-AF14,(CS14-CF14)*BF14) -> -30908.549 | DG14: =IF(OR(CT14=0,CG14=0),AT14-AG14,(CT14-CG14)*BG14) -> -25458.601 | DH14: =IF(OR(CU14=0,CH14=0),AU14-AH14,(CU14-CH14)*BH14) -> 1333.7507 | ... DL14: =IF(OR(CY14=0,CL14=0),AY14-AL14,(CY14-CL14)*BL14) -> -14564.088 | DM14: =SUM(DA14:DL14) -> -87084.572 | DN14: =IF(OR(AA14=0,AN14=0),0,(BN14-BA14)*CN14) -> 4111.923 | DO14: =IF(OR(AB14=0,AO14=0),0,(BO14-BB14)*CO14) -> 3945.4015 | DP14: =IF(OR(AC14=0,AP14=0),0,(BP14-BC14)*CP14) -> 0 | DQ14: =IF(OR(AD14=0,AQ14=0),0,(BQ14-BD14)*CQ14) -> 5191.5123 | DR14: =IF(OR(AE14=0,AR14=0),0,(BR14-BE14)*CR14) -> 6191.2448 | DS14: =IF(OR(AF14=0,AS14=0),0,(BS14-BF14)*CS14) -> 6284.3692 | DT14: =IF(OR(AG14=0,AT14=0),0,(BT14-BG14)*CT14) -> 5381.1513 | DU14: =IF(OR(AH14=0,AU14=0),0,(BU14-BH14)*CU14) -> 6161.2593 | ... DY14: =IF(OR(AL14=0,AY14=0),0,(BY14-BL14)*CY14) -> 6918.9978 | DZ14: =SUM(DN14:DY14) -> 65168.282 | EB14: =(AN14-AA14)-(DA14+DN14) -> 0 | EC14: =(AO14-AB14)-(DB14+DO14) -> 0 | ED14: =(AP14-AC14)-(DC14+DP14) -> 0 | EE14: =(AQ14-AD14)-(DD14+DQ14) -> 0 | EF14: =(AR14-AE14)-(DE14+DR14) -> -4.5474735e-12 | EG14: =(AS14-AF14)-(DF14+DS14) -> 0 | EH14: =(AT14-AG14)-(DG14+DT14) -> 0 | EI14: =(AU14-AH14)-(DH14+DU14) -> 1.9099389e-11 | ... EM14: =(AY14-AL14)-(DL14+DY14) -> 0
